Station,Thn,Bln,Tgl,UT+7,fmin,foES,foF2,Spread-F,h'F
,,,1,0:00,2,,5.22,,205
,,,,0:15,2,,4.42,,207
,,,,0:30,2,,4.09,,215
,,,,0:45,2,,3.81,,231
,,,,1:00,2.05,,3.53,,223
,,,,1:15,2,,3.29,,260
,,,,1:30,2.04,,3.03,,278
,,,,1:45,2,,3.03,,281
,,,,2:00,2.09,,3.29,,289
,,,,2:15,2,,3.21,,289
,,,,2:30,2.14,,3.11,,278
,,,,2:45,2,3.84,3.27,,268
,,,,3:00,2,3.3,3.06,,249
,,,,3:15,2,2.45,2.7,,255
,,,,3:30,2.35,,2.77,,291
,,,,3:45,2,,2.7,,257
,,,,4:00,2.13,,2.64,,255
,,,,4:15,2,,2.45,,255
,,,,4:30,2,,2.21,,275
,,,,4:45,2,,2.46,,260
,,,,5:00,,,,,
,,,,5:15,2,,2.84,,247
,,,,5:30,2.04,,3.53,,236
,,,,5:45,2.05,,4.09,,226
,,,,6:00,2,2.7,4.42,,239
,,,,6:15,2.04,2.82,4.51,,228
,,,,6:30,2.13,3.04,4.72,,223
,,,,6:45,1.99,3.41,5.2,,231
,,,,7:00,2.05,3.39,5.36,,220
,,,,7:15,2.13,3.82,5.5,,215
,,,,7:30,2.35,3.7,5.64,,213
,,,,7:45,2.56,4.02,5.87,,231
,,,,8:00,2.62,4.49,6.24,,234
,,,,8:15,2.66,4.41,6.63,,210
,,,,8:30,2.74,4.92,7.16,,302
,,,,8:45,2.6,4.44,7.34,,294
,,,,9:00,2.88,4.26,7.77,,239
,,,,9:15,2.94,4.17,7.93,,210
,,,,9:30,2.67,4.28,7.89,,194
,,,,9:45,2.88,4.51,7.73,,202
,,,,10:00,3,4.2,7.53,,231
,,,,10:15,3,4.62,7.53,,328
,,,,10:30,3.08,4.9,7.69,,351
,,,,10:45,2.88,5.64,8.09,,370
,,,,11:00,2.67,5.45,8.47,,370
,,,,11:15,3.09,5.61,9,,372
,,,,11:30,3.24,5.18,9.66,,375
,,,,11:45,3.17,5.15,10.1,,370
,,,,12:00,3.09,4.78,10.8,,359
,,,,12:15,4.24,,11.5,,194
,,,,12:30,3,4.62,12,,330
,,,,12:45,2.94,4.2,12.3,,207
,,,,13:00,3.49,4.76,12.3,,333
,,,,13:15,3.09,4.29,12,,286
,,,,13:30,2.78,5.3,12.3,,338
,,,,13:45,2.47,4.39,12.2,,341
,,,,14:00,2.87,4.78,12,,344
,,,,14:15,2.55,3.83,11.7,,255
,,,,14:30,2.42,4.52,11.7,,270
,,,,14:45,2.47,10.6,11.2,,341
,,,,15:00,2.72,4.52,11.7,,338
,,,,15:15,2.79,5.74,11.7,,320
,,,,15:30,2.66,4.78,11.8,,317
,,,,15:45,2.35,3.39,11.8,,239
,,,,16:00,2.35,5.18,11.7,,220
,,,,16:15,2.26,3.3,11.8,,218
,,,,16:30,3.09,,11.4,,244
,,,,16:45,2.88,,11.4,,244
,,,,17:00,2.49,,11.1,,239
,,,,17:15,2.26,,11.2,,236
,,,,17:30,2.09,3.46,11.1,,270
,,,,17:45,2.36,3.99,10.8,,265
,,,,18:00,2,3.14,10.1,,257
,,,,18:15,3,,10.4,,257
,,,,18:30,2.26,,10.1,,257
,,,,18:45,2.31,2.39,10.4,,262
,,,,19:00,2.26,,10.4,,255
,,,,19:15,2.3,,10.2,,249
,,,,19:30,2.3,,10.1,,247
,,,,19:45,2.3,,9.18,,247
,,,,20:00,2.31,,9.14,,247
,,,,20:15,2.2,,9.18,,247
,,,,20:30,2.31,,8.95,,241
,,,,20:45,2.47,,8.95,,236
,,,,21:00,2.04,,8.91,,228
,,,,21:15,2.14,,8.26,,226
,,,,21:30,2.24,,8.73,,226
,,,,21:45,2.3,,9,,220
,,,,22:00,2,,9.18,,213
,,,,22:15,2.19,,9.14,,210
,,,,22:30,2.04,,8.95,,202
,,,,22:45,2.14,,7.23,,194
,,,,23:00,2,,5.25,,189
,,,,23:15,2,,3.7,,194
,,,,23:30,2,,3.42,,265
,,,,23:45,2.2,,3.51,,336
,,,2,0:00,2,,3.62,,328
,,,,0:15,2.14,,3.62,,333
,,,,0:30,2,,3.62,,315
,,,,0:45,2,,3.7,,302
,,,,1:00,2.04,,3.62,,289
,,,,1:15,2,,3.62,,294
,,,,1:30,2,,3.6,,291
,,,,1:45,2,,3.6,,281
,,,,2:00,2,,3.62,,281
,,,,2:15,2,,3.7,,278
,,,,2:30,2.08,,3.64,,273
,,,,2:45,2,,3.53,,270
,,,,3:00,2,,3.53,,275
,,,,3:15,2,,3.53,,270
,,,,3:30,2,,3.53,,257
,,,,3:45,2,,3.53,,252
,,,,4:00,2,,3.55,,236
,,,,4:15,2.05,,3.12,,231
,,,,4:30,2.04,,2.78,,244
,,,,4:45,2,,2.51,,278
,,,,5:00,2,,2.77,,302
,,,,5:15,2.04,,3.05,,268
,,,,5:30,2.26,,3.51,,249
,,,,5:45,2.06,,3.89,,244
,,,,6:00,2.04,3,4.18,,252
,,,,6:15,2,2.58,4.53,,239
,,,,6:30,2,,4.99,,234
,,,,6:45,2,,5.36,,213
,,,,7:00,2.95,,5.61,,231
,,,,7:15,2,,6.02,,215
,,,,7:30,2.34,3.21,6.18,,223
,,,,7:45,2.09,3.71,6.47,,228
,,,,8:00,2.66,3.62,6.7,,226
,,,,8:15,2.05,3.79,7.01,,231
,,,,8:30,2.41,3.73,7.34,,220
,,,,8:45,2.95,4.2,7.69,,252
,,,,9:00,2.87,4.52,8.09,,330
,,,,9:15,2.94,5.15,8.3,,328
,,,,9:30,2.87,5.74,8.47,,328
,,,,9:45,2.88,4.65,8.51,,330
,,,,10:00,2.79,4.62,8.47,,351
,,,,10:15,2.79,5.04,8.73,,375
,,,,10:30,2.88,5.15,8.95,,367
,,,,10:45,2.95,,9.23,,373
,,,,11:00,2.47,5.15,9.37,,370
,,,,11:15,2.6,5.61,9.62,,357
,,,,11:30,3.09,6.24,9.86,,362
,,,,11:45,3.09,5.77,10.1,,362
,,,,12:00,2.66,4.9,10.6,,354
,,,,12:15,2.81,5.04,11.1,,354
,,,,12:30,3,4.9,11.7,,349
,,,,12:45,2.88,4.9,12.3,,336
,,,,13:00,3.02,5.3,12.9,,328
,,,,13:15,2.55,5.77,13.2,,317
,,,,13:30,2.79,5.45,13.2,,310
,,,,13:45,2.81,5.61,13.3,,302
,,,,14:00,2.67,5.9,12.6,,302
,,,,14:15,2.81,5.77,12.6,,315
,,,,14:30,2.67,5.18,12.3,,320
,,,,14:45,2.54,5.04,12,,323
,,,,15:00,2.42,4.76,12,,317
,,,,15:15,2.26,5.04,12,,328
,,,,15:30,2.72,5.04,12.1,,312
,,,,15:45,2.08,3.39,11.7,,215
,,,,16:00,2.2,4.02,11.7,,312
,,,,16:15,2.26,4.76,11.7,,312
,,,,16:30,2.26,4.49,11.8,,302
,,,,16:45,2.8,3.91,11.7,,268
,,,,17:00,2,4.14,11.7,,249
,,,,17:15,2.24,4.26,11.7,,268
,,,,17:30,2.24,4.65,11.4,,255
,,,,17:45,2.3,4.14,11.1,,255
,,,,18:00,2.04,3.7,11.1,,255
,,,,18:15,2.24,3.33,10.4,,252
,,,,18:30,2.88,,10.1,,268
,,,,18:45,2.55,,10.1,,268
,,,,19:00,2.42,,9.23,,270
,,,,19:15,2.88,,9.42,,283
,,,,19:30,2.47,,10.4,,289
,,,,19:45,2.31,,10.4,,283
,,,,20:00,2.31,,10.4,,273
,,,,20:15,2.81,,10.1,,275
,,,,20:30,2.67,,10.6,,275
,,,,20:45,2.3,,10.4,,268
,,,,21:00,2.81,,10.6,,257
,,,,21:15,2.95,,10.6,,252
,,,,21:30,2.31,,11.1,,236
,,,,21:45,2.42,,11.1,,236
,,,,22:00,2.31,,10.9,,231
,,,,22:15,2.36,,11.1,,215
,,,,22:30,2.09,,11.5,,207
,,,,22:45,2.09,,11.1,,197
,,,,23:00,2.09,,10.9,,192
,,,,23:15,2.09,,10.1,,189
,,,,23:30,2.09,,8.77,,189
,,,,23:45,2.05,,6.67,,184
,,,3,0:00,2,,4.74,,186
,,,,0:15,2,,4.65,,186
,,,,0:30,2.14,,4.2,,257
,,,,0:45,2.05,,4.09,,257
,,,,1:00,2.04,,3.91,,273
,,,,1:15,2,,3.81,,268
,,,,1:30,2,,3.81,,270
,,,,1:45,2,2.98,3.71,,273
,,,,2:00,2,2.58,3.71,,260
,,,,2:15,2,2.08,3.71,,249
,,,,2:30,2,,3.81,,241
,,,,2:45,2.05,,3.91,,239
,,,,3:00,2,,3.71,,228
,,,,3:15,2,,3.53,,228
,,,,3:30,2,,3.51,,228
,,,,3:45,2,,3.12,,231
,,,,4:00,2,,2.98,,236
,,,,4:15,2,,2.77,,249
,,,,4:30,2,,2.64,,262
,,,,4:45,2,,2.5,,260
,,,,5:00,2,,2.58,,281
,,,,5:15,2,,3.14,,252
,,,,5:30,2,,3.81,,236
,,,,5:45,2,2.92,4.42,,236
,,,,6:00,2,2.59,4.74,,231
,,,,6:15,2,2.84,5.5,,228
,,,,6:30,2.05,3.05,5.75,,236
,,,,6:45,2.31,3.29,5.75,,231
,,,,7:00,2.24,3.29,5.75,,218
,,,,7:15,2.14,3.53,5.64,,228
,,,,7:30,2.04,3.73,5.5,,231
,,,,7:45,2.05,3.83,5.9,,236
,,,,8:00,2.41,4.41,6.21,,304
,,,,8:15,2.72,4.3,6.4,,296
,,,,8:30,2.36,4.01,6.5,,231
,,,,8:45,2.66,4.11,6.53,,223
,,,,9:00,2.55,4.92,6.67,,338
,,,,9:15,2.94,5.33,6.98,,341
,,,,9:30,2.95,5.3,7.53,,341
,,,,9:45,2.55,5.9,7.69,,338
,,,,10:00,3.02,5.04,7.73,,362
,,,,10:15,2.72,5.04,7.93,,396
,,,,10:30,2.94,4.9,8.34,,396
,,,,10:45,2.94,4.44,8.51,,391
,,,,11:00,2.85,4.42,8.95,,385
,,,,11:15,2.88,4.6,9.37,,383
,,,,11:30,3.02,4.39,10.1,,372
,,,,11:45,2.87,,10.3,,184
,,,,12:00,2.92,,10.7,,186
,,,,12:15,2.87,,11.1,,184
,,,,12:30,2.81,,11.1,,184
,,,,12:45,2.81,,11.4,,173
,,,,13:00,2.94,,11.7,,186
,,,,13:15,2.87,3.6,11.7,,218
,,,,13:30,2.88,5.07,11.8,,338
,,,,13:45,2.81,7.33,12.1,,338
,,,,14:00,2.95,4.7,12.3,,333
,,,,14:15,2.87,5.33,12.3,,328
,,,,14:30,2.55,9.5,12.1,,333
,,,,14:45,2.62,5.9,12,,317
,,,,15:00,2.41,4.14,12.2,,307
,,,,15:15,3,4.9,12.3,,304
,,,,15:30,2.88,4.41,12.3,,294
,,,,15:45,2.87,3.73,12,,270
,,,,16:00,2.81,4.05,11.7,,296
,,,,16:15,2.67,4.62,11.8,,296
,,,,16:30,2.41,4.49,11.8,,291
,,,,16:45,2.54,4.78,11.7,,289
,,,,17:00,2.55,4.65,11.4,,278
,,,,17:15,2.49,4.39,11.5,,270
,,,,17:30,2.36,3.93,11.4,,268
,,,,17:45,2.35,4.62,11.7,,255
,,,,18:00,2.42,4.41,11.7,,244
,,,,18:15,2.24,4.39,11.7,,236
,,,,18:30,2.36,4.41,11.4,,231
,,,,18:45,2.35,3.6,11.1,,223
,,,,19:00,2.3,3.73,9.42,,220
,,,,19:15,2.24,3.23,8.95,,226
,,,,19:30,2.36,3.39,8.51,,231
,,,,19:45,2.3,3.41,8.09,,231
,,,,20:00,2.31,3.31,7.73,,239
,,,,20:15,2.41,3.3,7.57,,247
,,,,20:30,2.31,3.36,7.2,,281
,,,,20:45,2.3,3.6,7.2,,268
,,,,21:00,2.31,3.73,7.23,,283
,,,,21:15,2.79,,7.01,,273
,,,,21:30,2.31,4.26,7.16,,270
,,,,21:45,2.41,3.73,7.05,,278
,,,,22:00,2.26,4.78,6.7,,273
,,,,22:15,2.05,3.13,7.2,,262
,,,,22:30,2,3.14,7.2,,252
,,,,22:45,2.09,2.92,8.09,,241
,,,,23:00,2.26,,8.51,,226
,,,,23:15,2,,8.55,,215
,,,,23:30,2.19,,7.53,,207
,,,,23:45,2.81,,6.34,,205
,,,4,0:00,2,3.46,5.01,,210
,,,,0:15,2,3.12,4.18,,226
,,,,0:30,2,,4.18,,252
,,,,0:45,2,,3.89,,268
,,,,1:00,2,2.77,4.01,,278
,,,,1:15,2.05,2.68,3.97,,291
,,,,1:30,2,,3.89,,278
,,,,1:45,2.19,,3.89,,275
,,,,2:00,2.03,,3.97,,260
,,,,2:15,2,,3.89,,255
,,,,2:30,2.04,,3.71,,239
,,,,2:45,2.06,,3.62,,234
,,,,3:00,2.04,,3.44,,231
,,,,3:15,2,,3.27,,234
,,,,3:30,2,,2.98,,231
,,,,3:45,2,2.39,2.59,,239
,,,,4:00,2,3.29,,,
,,,,4:15,2,2.77,2.35,,315
,,,,4:30,2,2.7,2.35,,299
,,,,4:45,2.01,2.63,2.27,,289
,,,,5:00,2,2.7,2.56,,262
,,,,5:15,2,2.25,3.19,,255
,,,,5:30,2,2.98,3.7,,247
,,,,5:45,2.04,3.14,4.2,,241
,,,,6:00,2,3.29,4.62,,228
,,,,6:15,2.19,3.64,4.99,,226
,,,,6:30,2,3.62,5.33,,228
,,,,6:45,2.19,3.33,5.75,,226
,,,,7:00,2.05,3.49,6.05,,228
,,,,7:15,2,4.02,6.18,,226
,,,,7:30,2.14,4.78,6.37,,226
,,,,7:45,2.05,5.9,6.4,,215
,,,,8:00,2.08,4.14,6.4,,239
,,,,8:15,2.36,4.87,6.5,,234
,,,,8:30,2.67,4.26,6.84,,234
,,,,8:45,2.41,4.62,7.12,,294
,,,,9:00,2.26,4.76,7.53,,362
,,,,9:15,2.72,4.17,7.77,,215
,,,,9:30,2.42,4.41,8.51,,249
,,,,9:45,2.6,4.65,9.18,,359
,,,,10:00,2.55,5.3,9.91,,357
,,,,10:15,2.95,5.15,10.3,,351
,,,,10:30,2.87,5.45,11.1,,351
,,,,10:45,3.02,5.18,11.7,,349
,,,,11:00,2.79,5.9,11.7,,351
,,,,11:15,2.36,7.13,11.7,,218
,,,,11:30,2.81,9.02,11.7,,184
,,,,11:45,3.17,4.78,11.4,,176
,,,,12:00,2.74,5.07,11.1,,378
,,,,12:15,2.72,6.6,11.1,,378
,,,,12:30,2.81,5.33,10.9,,186
,,,,12:45,2.72,4.41,10.9,,186
,,,,13:00,2.26,4.18,10.9,,184
,,,,13:15,2.88,3.93,11.2,,176
,,,,13:30,2.37,3.7,11.1,,176
,,,,13:45,2.62,4.41,11.4,,210
,,,,14:00,2.14,7.37,11.4,,278
,,,,14:15,2.31,7.01,11.7,,310
,,,,14:30,2.2,6.97,11.7,,176
,,,,14:45,2.04,4.01,11.8,,165
,,,,15:00,2.31,5.45,11.7,,289
,,,,15:15,2.49,5.48,11.7,,239
,,,,15:30,2.55,5.64,11.7,,317
,,,,15:45,2.24,3.73,11.7,,247
,,,,16:00,2,3.48,11.7,,220
,,,,16:15,2,3.12,11.7,,226
,,,,16:30,2.79,,11.5,,218
,,,,16:45,2.87,,11.4,,234
,,,,17:00,2.54,,11.2,,228
,,,,17:15,2.31,,10.9,,231
,,,,17:30,2.42,,11.1,,247
,,,,17:45,2.3,,11.1,,260
,,,,18:00,2.31,,11.4,,257
,,,,18:15,2.24,,11.4,,252
,,,,18:30,2.31,,11.4,,241
,,,,18:45,2.6,,11.4,,249
,,,,19:00,2.42,,11.1,,239
,,,,19:15,2.42,,11.1,,236
,,,,19:30,2.31,,10.6,,234
,,,,19:45,2.31,,10.1,,231
,,,,20:00,2.31,,9.42,,236
,,,,20:15,2.4,,9.18,,255
,,,,20:30,2.81,,9.42,,262
,,,,20:45,2.49,,9.42,,268
,,,,21:00,2.47,,9.14,,265
,,,,21:15,2.14,,9.37,,257
,,,,21:30,2.35,,9.42,,255
,,,,21:45,2.49,,9.42,,255
,,,,22:00,2.36,,9.47,,252
,,,,22:15,2.26,,9.42,,249
,,,,22:30,2,,9.14,,247
,,,,22:45,2.05,,9,,247
,,,,23:00,2.04,,8.73,,239
,,,,23:15,2,,8.73,,234
,,,,23:30,2,,8.55,,234
,,,,23:45,2,,8.55,,231
,,,5,0:00,2,,8.13,,234
,,,,0:15,2,2.21,7.73,,234
,,,,0:30,2,,7.34,,228
,,,,0:45,2,,7.01,,220
,,,,1:00,2,,6.67,,220
,,,,1:15,2.05,,6.24,,226
,,,,1:30,2,2.85,5.78,,231
,,,,1:45,2,,5.9,,236
,,,,2:00,2,,5.87,,236
,,,,2:15,2,,5.5,,236
,,,,2:30,2,,5.25,,231
,,,,2:45,2,,5.09,,239
,,,,3:00,2,,4.86,,231
,,,,3:15,2,,4.6,,228
,,,,3:30,2,,4.3,,220
,,,,3:45,2,,3.97,,231
,,,,4:00,2,,3.79,,228
,,,,4:15,2,,3.91,,234
,,,,4:30,2,,3.81,,226
,,,,4:45,2,,3.53,,220
,,,,5:00,2,,3.48,,215
,,,,5:15,2.05,,3.71,,228
,,,,5:30,2.42,,4.11,,249
,,,,5:45,2.09,,4.39,,226
,,,,6:00,2.31,,4.96,,220
,,,,6:15,2.05,3.55,5.36,,231
,,,,6:30,2.05,2.88,5.5,,213
,,,,6:45,2.24,3.06,5.36,,215
,,,,7:00,2.04,,5.38,,207
,,,,7:15,3.3,,5.36,,207
,,,,7:30,2.62,,5.5,,207
,,,,7:45,2.36,4.62,5.78,,202
,,,,8:00,2.41,3.48,5.87,,200
,,,,8:15,2.54,3.55,6.05,,189
,,,,8:30,2.42,3.91,6.05,,200
,,,,8:45,2.36,,6.02,,184
,,,,9:00,2.62,,6.18,,181
,,,,9:15,2.13,,6.5,,228
,,,,9:30,2.14,,6.63,,205
,,,,9:45,2.07,3.27,6.87,,207
,,,,10:00,2.08,3.71,7.01,,200
,,,,10:15,2.31,4.51,7.31,,207
,,,,10:30,2,4.76,7.57,,194
,,,,10:45,2.31,4.52,7.73,,210
,,,,11:00,2.08,4.2,7.93,,213
,,,,11:15,2.31,4.02,8.13,,192
,,,,11:30,2.04,4.76,8.38,,207
,,,,11:45,2.13,5.15,8.69,,176
,,,,12:00,2.2,4.76,8.95,,176
,,,,12:15,2.3,4.6,9.42,,158
,,,,12:30,2.95,4.14,10.1,,370
,,,,12:45,2.79,4.65,10.9,,357
,,,,13:00,2.81,4.9,11.4,,346
,,,,13:15,2.87,5.3,12,,344
,,,,13:30,3.08,5.48,12.3,,338
,,,,13:45,3.09,5.07,12.7,,336
,,,,14:00,2.66,5.33,13.2,,330
,,,,14:15,3.34,5.48,13.2,,323
,,,,14:30,2.66,5.77,13.7,,312
,,,,14:45,2.13,5.33,13.2,,302
,,,,15:00,2.74,5.61,13.2,,296
,,,,15:15,2.4,5.4,12.8,,294
,,,,15:30,2.66,5.61,13.2,,291
,,,,15:45,2.55,5.77,13.3,,278
,,,,16:00,2.47,5.07,13.3,,275
,,,,16:15,2.49,4.41,12.9,,265
,,,,16:30,2.05,3.21,12.6,,231
,,,,16:45,2.81,,12.3,,226
,,,,17:00,2.36,,12.3,,220
,,,,17:15,3,,12.3,,249
,,,,17:30,2.09,3.05,11.7,,239
,,,,17:45,2.47,,11.7,,228
,,,,18:00,2.3,,11.8,,218
,,,,18:15,2.3,,11.4,,215
,,,,18:30,2,,10.4,,207
,,,,18:45,2.42,,9.47,,207
,,,,19:00,2.47,,9.14,,213
,,,,19:15,2.31,,8.73,,215
,,,,19:30,2.49,,8.51,,228
,,,,19:45,2.49,,8.51,,249
,,,,20:00,2.31,,8.51,,260
,,,,20:15,2.42,,8.73,,281
,,,,20:30,2.47,,8.95,,281
,,,,20:45,2.42,,9.18,,273
,,,,21:00,2.49,,9.18,,270
,,,,21:15,2.95,,9.18,,262
,,,,21:30,2.26,,9.18,,255
,,,,21:45,2.08,2.84,9.18,,249
,,,,22:00,2.31,3.3,9.18,,239
,,,,22:15,2.09,3.31,9.18,,236
,,,,22:30,2.13,3.62,9.18,,228
,,,,22:45,2.14,2.91,9.37,,231
,,,,23:00,2.05,,9.18,,228
,,,,23:15,2,,8.73,,213
,,,,23:30,2,,7.93,,210
,,,,23:45,2.31,,7.05,,210
,,,6,0:00,2.2,,6.5,,228
,,,,0:15,2,3.14,6.53,,255
,,,,0:30,2,3.13,6.47,,286
,,,,0:45,2,,6.47,,262
,,,,1:00,2.05,3.41,6.34,,260
,,,,1:15,2,3.6,6.18,,257
,,,,1:30,2,3.51,6.05,,252
,,,,1:45,2,3.14,6.37,,244
,,,,2:00,2,3.11,6.4,,239
,,,,2:15,2,3.46,5.9,,228
,,,,2:30,2,3.12,5.52,,220
,,,,2:45,2,2.29,4.89,,218
,,,,3:00,2,,3.97,,226
,,,,3:15,2.05,,3.81,,239
,,,,3:30,2,,3.62,,249
,,,,3:45,2.04,,3.3,,262
,,,,4:00,2,2.7,3.21,,270
,,,,4:15,2,2.69,2.91,,281
,,,,4:30,2,2.46,2.71,,275
,,,,4:45,2,,2.58,,270
,,,,5:00,2,,2.77,,262
,,,,5:15,2,,3.29,,241
,,,,5:30,2.04,,4.2,,239
,,,,5:45,2.41,,4.72,,231
,,,,6:00,2.47,,5.09,,228
,,,,6:15,2,,5.5,,231
,,,,6:30,2.13,6.6,5.9,,226
,,,,6:45,2.31,3,6.37,,220
,,,,7:00,2.16,3.12,6.21,,218
,,,,7:15,2.2,3.29,5.61,,223
,,,,7:30,2.31,3.55,5.64,,213
,,,,7:45,2.19,3.55,5.5,,207
,,,,8:00,2.35,3.73,5.64,,205
,,,,8:15,2.26,4.2,5.9,,200
,,,,8:30,2.55,4.09,6.05,,215
,,,,8:45,2.14,3.73,6.21,,194
,,,,9:00,2.14,3.71,6.37,,197
,,,,9:15,2.09,3.81,6.67,,192
,,,,9:30,2.74,3.87,7.2,,194
,,,,9:45,2.31,4.42,7.49,,194
,,,,10:00,2.42,3.99,8.09,,197
,,,,10:15,2.47,3.81,8.34,,207
,,,,10:30,2.74,4.42,7.93,,194
,,,,10:45,2.47,4.09,7.97,,184
,,,,11:00,2.87,,8.13,,186
,,,,11:15,2.95,3.99,8.34,,179
,,,,11:30,2.68,3.93,8.38,,186
,,,,11:45,2.79,,8.51,,192
,,,,12:00,2.81,4.22,8.69,,197
,,,,12:15,2.66,4.51,8.95,,189
,,,,12:30,2.95,4.33,9.18,,189
,,,,12:45,2.95,,9.57,,192
,,,,13:00,2.95,,9.86,,189
,,,,13:15,2.3,4.01,9.91,,192
,,,,13:30,2.5,,9.91,,184
,,,,13:45,2.81,,9.81,,176
,,,,14:00,2.59,3.62,9.81,,184
,,,,14:15,2.49,3.83,10.1,,184
,,,,14:30,2.67,3.73,9.86,,189
,,,,14:45,2.24,3.62,9.86,,213
,,,,15:00,2.29,3.84,9.62,,234
,,,,15:15,2.49,3.91,9.62,,270
,,,,15:30,2.36,3.91,9.86,,294
,,,,15:45,2.3,4.02,10.1,,234
,,,,16:00,2.35,4.17,10.1,,341
,,,,16:15,2.36,4.62,10.2,,330
,,,,16:30,2.36,5.45,10.4,,317
,,,,16:45,2.26,4.76,10.6,,310
,,,,17:00,2.08,5.3,10.9,,296
,,,,17:15,2.26,6.24,11.2,,278
,,,,17:30,2,5.61,11.1,,262
,,,,17:45,2.05,5.07,11.4,,247
,,,,18:00,2.31,5.07,11.1,,231
,,,,18:15,2.26,5.8,10.9,,234
,,,,18:30,2.04,6.27,10.2,,231
,,,,18:45,2.04,7.13,9.23,,236
,,,,19:00,2.05,6.63,7.53,,210
,,,,19:15,2.31,6.24,7.34,,228
,,,,19:30,2,6.97,7.05,,247
,,,,19:45,2.3,6.93,6.7,,294
,,,,20:00,2.08,6.27,6.37,,320
,,,,20:15,2.42,6.6,6.5,,268
,,,,20:30,2.09,6.24,6.37,,289
,,,,20:45,2.14,5.07,6.37,,278
,,,,21:00,2.05,5.9,6.34,,286
,,,,21:15,2.05,5.01,6,,273
,,,,21:30,2.14,4.76,6.02,,273
,,,,21:45,2.04,4.29,6.05,,268
,,,,22:00,2,3.7,6.02,,265
,,,,22:15,2,3.33,6.05,,257
,,,,22:30,2,3.29,5.9,,260
,,,,22:45,2,3.31,5.67,,281
,,,,23:00,2,3.6,,5.90,273
,,,,23:15,2,3.41,,6.08,275
,,,,23:30,2,3.14,,5.64,268
,,,,23:45,2,2.91,,5.64,265
,,,7,0:00,2,,,5.50,283
,,,,0:15,2,,,5.64,291
,,,,0:30,2,,,5.64,286
,,,,0:45,2,,,5.64,283
,,,,1:00,2.05,,,5.64,283
,,,,1:15,2,2.29,,5.64,296
,,,,1:30,2,2.28,,5.64,289
,,,,1:45,2,,,5.64,265
,,,,2:00,2,,,5.64,252
,,,,2:15,2,2.71,,5.22,241
,,,,2:30,2,3.3,,4.86,249
,,,,2:45,2,3.55,,4.86,257
,,,,3:00,2.04,3.62,,4.51,270
,,,,3:15,2,4.17,3.81,,296
,,,,3:30,2,4.92,,,
,,,,3:45,2,5.01,3.7,,294
,,,,4:00,2,5.04,3.71,,257
,,,,4:15,2,10.7,3.36,,333
,,,,4:30,2,5.04,,,
,,,,4:45,2,5.07,,,
,,,,5:00,2.04,4.9,3.46,,289
,,,,5:15,2,3.68,3.73,,270
,,,,5:30,2.04,3.46,4.42,,249
,,,,5:45,2,3.46,5.25,,241
,,,,6:00,2,3.13,5.9,,236
,,,,6:15,2,3.23,5.9,,220
,,,,6:30,2.143,3,5.61,,223
,,,,6:45,2.31,3.6,5.72,,213
,,,,7:00,2.05,3.82,5.61,,213
,,,,7:15,2,4.78,5.52,,218
,,,,7:30,2.3,3.33,5.33,,210
,,,,7:45,2.2,3.39,5.33,,202
,,,,8:00,2,3.11,5.2,,205
,,,,8:15,2.09,5.9,5.33,,207
,,,,8:30,2.04,6.24,5.33,,257
,,,,8:45,2,6.07,5.5,,228
,,,,9:00,2.09,4.29,5.61,,205
,,,,9:15,2,4.12,5.72,,202
,,,,9:30,2.04,4.2,6.05,,197
,,,,9:45,2.26,,6.34,,200
,,,,10:00,3.08,,6.67,,218
,,,,10:15,2.79,,6.87,,194
,,,,10:30,2.79,,7.01,,197
,,,,10:45,3.02,,7.31,,200
,,,,11:00,2.81,3.91,7.49,,205
,,,,11:15,3.25,3.99,7.93,,205
,,,,11:30,3.24,4.2,8.13,,210
,,,,11:45,2.97,4.44,8.47,,236
,,,,12:00,2.87,4.77,8.91,,409
,,,,12:15,3.25,4.92,9.18,,399
,,,,12:30,3,4.9,9.81,,380
,,,,12:45,2.47,4.92,10.3,,359
,,,,13:00,2.88,5.18,10.9,,351
,,,,13:15,3.58,4.92,11.1,,346
,,,,13:30,2.62,5.3,11.7,,341
,,,,13:45,2.79,5.45,12.1,,341
,,,,14:00,2.74,5.3,12,,336
,,,,14:15,2.55,5.8,12,,344
,,,,14:30,2.72,6.24,12.3,,338
,,,,14:45,2.3,6.24,12.5,,341
,,,,15:00,2.6,6.24,12.6,,336
,,,,15:15,2.3,6.1,12.6,,338
,,,,15:30,2.41,6.93,12.9,,336
,,,,15:45,2.35,7.13,12.9,,333
,,,,16:00,2.19,7.17,13.2,,325
,,,,16:15,2.2,7.13,12.9,,310
,,,,16:30,2,7.33,12.9,,304
,,,,16:45,2,6.63,12.9,,294
,,,,17:00,2.26,6.78,13,,289
,,,,17:15,2.26,7.37,13.2,,281
,,,,17:30,2.31,7.01,13,,262
,,,,17:45,2.26,4.78,13,,241
,,,,18:00,2.26,5.04,12.7,,228
,,,,18:15,2.26,5.07,11.7,,220
,,,,18:30,2,4.78,10.9,,213
,,,,18:45,2.14,3.93,9.47,,215
,,,,19:00,2.04,3.31,9,,213
,,,,19:15,2.24,3.12,8.51,,234
,,,,19:30,2.31,,8.91,,252
,,,,19:45,2.41,,8.13,,273
,,,,20:00,2.72,,7.97,,273
,,,,20:15,2.42,,8.17,,273
,,,,20:30,2,,8.09,,262
,,,,20:45,2.31,,7.73,,268
,,,,21:00,2.31,,7.77,,260
,,,,21:15,2.14,,7.73,,257
,,,,21:30,2.05,,7.34,,260
,,,,21:45,2.26,,6.98,,252
,,,,22:00,2.47,,6.98,,257
,,,,22:15,2.05,,7.01,,247
,,,,22:30,2.31,,6.8,,236
,,,,22:45,2.14,,6.67,,234
,,,,23:00,2.05,,6.40,,231
,,,,23:15,2.2,,6.34,,239
,,,,23:30,2.26,,5.72,,236
,,,,23:45,2,,5.61,,234
,,,8,0:00,2.04,,5.33,,247
,,,,0:15,2,,5.22,,249
,,,,0:30,2,,5.09,,244
,,,,0:45,2.08,,4.74,,236
,,,,1:00,2,,4.30,,231
,,,,1:15,2.05,,4.09,,239
,,,,1:30,2,,3.99,,252
,,,,1:45,2,,3.89,,268
,,,,2:00,2,,3.91,,273
,,,,2:15,2.04,,3.81,,278
,,,,2:30,2.19,,3.79,,291
,,,,2:45,2.14,,3.79,,289
,,,,3:00,2,,3.89,,281
,,,,3:15,2,,3.89,,278
,,,,3:30,2,,3.81,,275
,,,,3:45,2.08,,3.71,,268
,,,,4:00,2,,3.6,,260
,,,,4:15,2,,3.62,,260
,,,,4:30,2,,3.62,,260
,,,,4:45,2,,3.51,,249
,,,,5:00,2,,3.51,,252
,,,,5:15,2,,3.91,,241
,,,,5:30,2.09,,4.51,,234
,,,,5:45,2.09,,4.84,,228
,,,,6:00,2.31,,5.22,,228
,,,,6:15,2.13,,5.5,,226
,,,,6:30,2.14,3.12,5.61,,228
,,,,6:45,2.05,,5.75,,220
,,,,7:00,2.08,2.1,5.36,,357
,,,,7:15,2.13,,5.36,,215
,,,,7:30,2.31,,5.36,,205
,,,,7:45,2.31,,5.61,,202
,,,,8:00,2.54,3.53,5.9,,197
,,,,8:15,2.3,3.55,6.5,,207
,,,,8:30,2.26,3.71,6.37,,194
,,,,8:45,2.49,,6.37,,194
,,,,9:00,3,4.42,6.67,,200
,,,,9:15,3,,7.2,,194
,,,,9:30,2.66,,7.34,,202
,,,,9:45,2.62,3.62,7.49,,192
,,,,10:00,2.08,,7.73,,207
,,,,10:15,3.02,,8.13,,202
,,,,10:30,2.49,,8.47,,194
,,,,10:45,2.2,,8.73,,194
,,,,11:00,2.26,4.01,9.23,,189
,,,,11:15,3.77,,9.57,,184
,,,,11:30,2.54,,10.2,,205
,,,,11:45,2.42,5.07,10.6,,200
,,,,12:00,2.55,4.42,11.1,,200
,,,,12:15,2.54,3.71,11.7,,220
,,,,12:30,2.35,4.11,12,,205
,,,,12:45,2.88,,12.7,,189
,,,,13:00,2.31,3.71,12.9,,200
,,,,13:15,3.95,,13,,192
,,,,13:30,2.67,3.83,13.2,,189
,,,,13:45,2.2,3.91,13.2,,189
,,,,14:00,2.2,3.46,13.6,,176
,,,,14:15,2.13,3.99,13.2,,215
,,,,14:30,2.13,3.79,13.2,,202
,,,,14:45,2,3.73,13.2,,176
,,,,15:00,2.04,,12.9,,252
,,,,15:15,2,3.53,12.9,,218
,,,,15:30,2.26,3.64,13.2,,228
,,,,15:45,2,3.46,13.2,,234
,,,,16:00,2,3.6,12.9,,236
,,,,16:15,2.05,4.26,13,,312
,,,,16:30,2,4.29,13.3,,299
,,,,16:45,2.26,3.93,13.2,,281
,,,,17:00,2,3.6,13.6,,260
,,,,17:15,2,4.05,13.2,,247
,,,,17:30,2.05,4.17,12.9,,239
,,,,17:45,2.04,4.29,12.9,,234
,,,,18:00,2.05,4.41,12,,220
,,,,18:15,2.05,4.11,10.1,,215
,,,,18:30,2.88,,8.51,,213
,,,,18:45,2.05,3.7,8.13,,249
,,,,19:00,2.36,4.22,7.73,,260
,,,,19:15,2.58,3.14,7.77,,278
,,,,19:30,2.42,2.59,7.73,,291
,,,,19:45,2.88,,8.55,,296
,,,,20:00,2.47,,8.51,,283
,,,,20:15,2.47,,7.93,,278
,,,,20:30,3.57,,8.47,,283
,,,,20:45,2.55,,8.51,,260
,,,,21:00,2.81,,8.47,,260
,,,,21:15,2.55,,7.93,,255
,,,,21:30,2.26,,7.93,,249
,,,,21:45,2.81,,7.97,,244
,,,,22:00,2.41,,7.93,,239
,,,,22:15,2.14,,8.17,,244
,,,,22:30,2.24,,8.13,,241
,,,,22:45,2.19,,8.47,,236
,,,,23:00,2.14,,8.17,,231
,,,,23:15,2.05,,7.77,,218
,,,,23:30,2.2,,7.38,,210
,,,,23:45,2.05,,7.01,,205
,,,9,0:00,2.03,,6.34,,200
,,,,0:15,2,,5.72,,197
,,,,0:30,2,,4.74,,186
,,,,0:45,2.04,,3.64,,202
,,,,1:00,2,,3.29,,241
,,,,1:15,2.09,,3.12,,265
,,,,1:30,2,,2.9,,260
,,,,1:45,2,,2.91,,291
,,,,2:00,2.05,,2.84,,299
,,,,2:15,2.09,,2.9,,310
,,,,2:30,2,,3.05,,304
,,,,2:45,2.05,,2.98,,302
,,,,3:00,2.09,,3.03,,302
,,,,3:15,2.09,,2.98,,294
,,,,3:30,2.14,,2.91,,312
,,,,3:45,2,,2.92,,296
,,,,4:00,2.09,,2.9,,283
,,,,4:15,2.04,,2.91,,270
,,,,4:30,2,,2.91,,260
,,,,4:45,2.05,,2.9,,252
,,,,5:00,2,,3.14,,247
,,,,5:15,2,,3.7,,236
,,,,5:30,2,,4.18,,231
,,,,5:45,2,2.91,4.62,,234
,,,,6:00,2,2.98,4.96,,231
,,,,6:15,2.04,3.03,5.36,,226
,,,,6:30,2,2.85,5.09,,213
,,,,6:45,2.31,3.22,5.12,,215
,,,,7:00,2.36,3.37,5.36,,234
,,,,7:15,2.3,3.73,5.5,,231
,,,,7:30,2.04,4.17,5.9,,255
,,,,7:45,2.2,4.39,6.02,,268
,,,,8:00,2.14,3.12,6.21,,197
,,,,8:15,2.2,3.53,6.21,,184
,,,,8:30,2.42,,6.37,,179
,,,,8:45,2.74,,6.67,,192
,,,,9:00,2.94,7.34,7.01,,176
,,,,9:15,2.5,,7.16,,202
,,,,9:30,2.31,3.68,7.53,,194
,,,,9:45,2.81,4.05,7.73,,197
,,,,10:00,2.74,,7.93,,186
,,,,10:15,3.02,4.2,8.13,,200
,,,,10:30,2.88,,8.51,,186
,,,,10:45,2.88,4.62,8.95,,197
,,,,11:00,2.88,,9.47,,181
,,,,11:15,2.79,,10.1,,176
,,,,11:30,2.88,,10.9,,168
,,,,11:45,2.88,,11.8,,173
,,,,12:00,2.67,,12.3,,213
,,,,12:15,2.92,,12.9,,202
,,,,12:30,2.87,,13.6,,194
,,,,12:45,3,,13.6,,179
,,,,13:00,2.62,,13.2,,173
,,,,13:15,2.95,,13.2,,173
,,,,13:30,2.94,,13.2,,171
,,,,13:45,3.75,,12.2,,215
,,,,14:00,2.55,,12.3,,192
,,,,14:15,2.74,,12.1,,189
,,,,14:30,3.77,,12,,218
,,,,14:45,2.49,,12.3,,176
,,,,15:00,2.49,,12.3,,213
,,,,15:15,2.26,,12.3,,210
,,,,15:30,2.36,,12.7,,210
,,,,15:45,2,,12.6,,215
,,,,16:00,2.81,,12.6,,194
,,,,16:15,2.26,,12.6,,215
,,,,16:30,2.67,,12.6,,210
,,,,16:45,2.31,,12.9,,207
,,,,17:00,2.41,,12.3,,247
,,,,17:15,2.36,,11.7,,236
,,,,17:30,2.41,,11.2,,228
,,,,17:45,2.47,,10.4,,226
,,,,18:00,2.35,,9.23,,231
,,,,18:15,2.49,,9.42,,231
,,,,18:30,2.31,,8.95,,236
,,,,18:45,2.81,,9.18,,257
,,,,19:00,2.31,,9.14,,273
,,,,19:15,2.09,6.1,9.18,,299
,,,,19:30,2.36,4.09,9.18,,317
,,,,19:45,2.04,3.73,9.18,,315
,,,,20:00,2.3,3.29,9.37,,299
,,,,20:15,2.42,,9.47,,294
,,,,20:30,2.2,,9.42,,305
,,,,20:45,2.41,,9.47,,275
,,,,21:00,2.31,2.98,9.42,,268
,,,,21:15,2.31,2.58,9.42,,257
,,,,21:30,2.49,,10.1,,247
,,,,21:45,2.31,,10.6,,228
,,,,22:00,2.24,,10.9,,220
,,,,22:15,2.05,,11.1,,215
,,,,22:30,2,,10.6,,205
,,,,22:45,2.05,2.98,10.4,,205
,,,,23:00,2,3.12,9.47,,200
,,,,23:15,2,3.33,8.13,,194
,,,,23:30,2,3,7.01,,189
,,,,23:45,2,3.3,5.9,,202
,,,10,0:00,2,4.17,5.75,,228
,,,,0:15,2,3.91,5.5,,260
,,,,0:30,2,3.6,5.5,,270
,,,,0:45,2,3.6,5.36,,278
,,,,1:00,2,3.04,5.22,,273
,,,,1:15,2,3.06,4.99,,275
,,,,1:30,2,3.23,4.99,,291
,,,,1:45,2.04,3.11,4.89,,294
,,,,2:00,2.08,4.17,4.86,,315
,,,,2:15,2,4.14,4.86,,299
,,,,2:30,2,3.73,4.99,,281
,,,,2:45,2,3.21,4.99,,260
,,,,3:00,2.05,3.29,5.01,,244
,,,,3:15,2,2.85,5.01,,247
,,,,3:30,2.09,2.58,5.12,,239
,,,,3:45,2.09,2.35,4.99,,223
,,,,4:00,2.04,,4.62,,213
,,,,4:15,2,2.91,4.39,,210
,,,,4:30,2,,3.71,,200
,,,,4:45,2.05,2.59,3.05,,228
,,,,5:00,2,2.39,2.98,,255
,,,,5:15,2,2.23,3.46,,228
,,,,5:30,2.05,,3.99,,218
,,,,5:45,2,2.7,4.42,,223
,,,,6:00,2.36,,4.62,,213
,,,,6:15,2.14,3.12,4.74,,231
,,,,6:30,2,3.22,4.99,,218
,,,,6:45,2.2,3.22,5.22,,213
,,,,7:00,2.04,3.73,5.36,,228
,,,,7:15,2.31,3.81,5.75,,247
,,,,7:30,2.35,4.17,5.9,,234
,,,,7:45,2.87,3.91,6.37,,236
,,,,8:00,2.41,3.93,5.75,,228
,,,,8:15,2.31,3.99,5.72,,207
,,,,8:30,2.13,4.07,5.93,,210
,,,,8:45,2.54,4.22,6.02,,239
,,,,9:00,3,4.22,6.5,,257
,,,,9:15,2.79,4.3,7.01,,249
,,,,9:30,2.88,4.65,7.34,,380
,,,,9:45,2.62,4.76,7.73,,388
,,,,10:00,2.49,5.3,8.13,,375
,,,,10:15,3,4.89,8.51,,378
,,,,10:30,2.74,5.9,8.73,,391
,,,,10:45,2.87,5.77,9.42,,393
,,,,11:00,2.62,7.37,9.86,,383
,,,,11:15,2.95,5.33,10.4,,372
,,,,11:30,2.88,3.89,10.9,,181
,,,,11:45,2.94,3.99,11.4,,181
,,,,12:00,2.88,,11.7,,186
,,,,12:15,2.55,,12,,165
,,,,12:30,3.02,,12.3,,205
,,,,12:45,2.66,4.11,12.6,,207
,,,,13:00,2.79,9.8,13,,365
,,,,13:15,2.66,6.1,13.2,,351
,,,,13:30,2.66,5.48,13.6,,338
,,,,13:45,2.49,5.04,13.7,,333
,,,,14:00,2.94,4.33,13.5,,218
,,,,14:15,2,5.07,13.2,,323
,,,,14:30,2.35,6.93,13.5,,317
,,,,14:45,3.24,6.07,13.6,,312
,,,,15:00,3.24,5.61,13.6,,307
,,,,15:15,2.54,5.01,13.6,,302
,,,,15:30,2,3.44,13.2,,213
,,,,15:45,2.2,3.29,13.2,,226
,,,,16:00,2.2,3.31,13.2,,220
,,,,16:15,2.19,3.13,13.2,,218
,,,,16:30,2.24,2.85,13.6,,226
,,,,16:45,2.08,3.29,13.5,,213
,,,,17:00,2,2.92,13.7,,215
,,,,17:15,2.79,,13.2,,249
,,,,17:30,2.35,,12.8,,236
,,,,17:45,2.31,,12.3,,228
,,,,18:00,2.26,3.29,11.7,,218
,,,,18:15,2,3.46,11.4,,210
,,,,18:30,2.26,2.66,9.42,,200
,,,,18:45,2.19,,8.95,,205
,,,,19:00,2.26,,8.51,,215
,,,,19:15,2,,7.73,,251
,,,,19:30,2,3.7,7.34,,244
,,,,19:45,2.3,4.26,7.77,,268
,,,,20:00,2,4.78,7.73,,291
,,,,20:15,2.31,6.27,,7.93,299
,,,,20:30,2.04,6.45,,8.13,317
,,,,20:45,2.3,4.44,,7.34,310
,,,,21:00,2.31,4.29,,7.73,299
,,,,21:15,2.26,4.9,,7.73,291
,,,,21:30,2.04,5.9,,7.97,270
,,,,21:45,2.05,10.8,,7.34,273
,,,,22:00,2,6.63,,8.13,273
,,,,22:15,2,13.6,,8.95,260
,,,,22:30,2,11.4,,8.51,262
,,,,22:45,2.05,6.24,,9.23,255
,,,,23:00,2,3.6,,8.51,244
,,,,23:15,2,4.65,,8.51,239
,,,,23:30,2,5.07,,8.51,228
,,,,23:45,2,3.53,,8.13,218
,,,11,0:00,2,3.31,,7.73,228
,,,,0:15,2,3.81,,7.20,231
,,,,0:30,2,3.6,,6.98,231
,,,,0:45,2,4.62,,6.84,239
,,,,1:00,2,5.04,,6.53,257
,,,,1:15,2,6.56,,7.20,268
,,,,1:30,2.04,8.35,,5.78,275
,,,,1:45,2.05,9.31,,6.37,270
,,,,2:00,2,6.74,,6.70,299
,,,,2:15,2,8.82,,7.05,278
,,,,2:30,2.05,4.49,,6.67,257
,,,,2:45,2,7.91,,5.90,255
,,,,3:00,2.05,10.8,,5.64,262
,,,,3:15,2,8.63,,5.64,255
,,,,3:30,2.05,5.04,,5.61,252
,,,,3:45,2.04,5.04,,5.64,241
,,,,4:00,2,6.6,,5.47,249
,,,,4:15,2.05,5.07,,5.64,260
,,,,4:30,2,4.78,,5.64,249
,,,,4:45,2,3.49,,5.61,257
,,,,5:00,2,3.7,,5.58,257
,,,,5:15,2,3.7,,5.64,244
,,,,5:30,2,3.31,,5.72,241
,,,,5:45,2,7.29,5.64,,260
,,,,6:00,2,8.63,,,
,,,,6:15,2.05,8.4,,,
,,,,6:30,2,7.53,,,
,,,,6:45,2,6.93,,,
,,,,7:00,2.05,6.24,,,
,,,,7:15,2.14,5.3,6.21,,260
,,,,7:30,2.31,4.9,5.44,,268
,,,,7:45,2,5.3,5.5,,262
,,,,8:00,2,7.33,5.36,,304
,,,,8:15,2.2,7.95,,,
,,,,8:30,2,8.58,5.64,,236
,,,,8:45,2.05,5.15,5.9,,215
,,,,9:00,2.13,4.65,5.87,,210
,,,,9:15,2.2,4.42,5.75,,205
,,,,9:30,2.09,3.7,6.05,,215
,,,,9:45,2.3,4.42,6.5,,218
,,,,10:00,2.08,3.7,7.01,,220
,,,,10:15,2.08,4.3,7.53,,247
,,,,10:30,2.3,4.51,7.89,,194
,,,,10:45,2.36,5.61,8.34,,210
,,,,11:00,2.41,5.8,8.73,,192
,,,,11:15,2.14,4.53,9.18,,205
,,,,11:30,2.26,3.99,9.62,,378
,,,,11:45,2.35,4.6,9.86,,375
,,,,12:00,2.09,5.3,10.4,,375
,,,,12:15,2.19,5.48,10.9,,372
,,,,12:30,2.72,6.93,11.4,,357
,,,,12:45,2.05,7.33,12,,354
,,,,13:00,3.09,6.78,12.3,,351
,,,,13:15,2.49,6.41,12.6,,349
,,,,13:30,2.41,4.05,12.9,,234
,,,,13:45,3.85,3.71,13,,213
,,,,14:00,2.72,3.93,13.3,,210
,,,,14:15,2.66,3.73,12.9,,226
,,,,14:30,2.67,4.22,13.3,,213
,,,,14:45,2.67,3.55,13.2,,210
,,,,15:00,2.24,3.71,13.2,,220
,,,,15:15,2.67,3.93,13.2,,236
,,,,15:30,2.88,3.93,13.6,,255
,,,,15:45,2.49,3.93,13.2,,265
,,,,16:00,2.35,3.91,12.9,,273
,,,,16:15,2.35,3.82,12.6,,268
,,,,16:30,2.26,3.84,12.3,,241
,,,,16:45,2.26,3.64,12.3,,228
,,,,17:00,2.08,3,12.3,,220
,,,,17:15,2.36,,11.8,,231
,,,,17:30,2.81,,11.7,,257
,,,,17:45,2.47,,11.7,,247
,,,,18:00,2.81,,11.4,,236
,,,,18:15,2.42,,11.1,,234
,,,,18:30,2.31,,10.9,,234
,,,,18:45,2.81,,10.7,,236
,,,,19:00,2,,10.6,,247
,,,,19:15,2.55,,10.4,,255
,,,,19:30,2.31,,10.4,,249
,,,,19:45,2.36,,10.4,,255
,,,,20:00,2.35,,10.2,,255
,,,,20:15,2.74,,10.4,,260
,,,,20:30,2.42,,10.9,,260
,,,,20:45,2.88,,10.1,,260
,,,,21:00,2.49,,10.1,,268
,,,,21:15,2.42,,9.42,,255
,,,,21:30,2.81,,9.18,,247
,,,,21:45,2.55,,9.42,,239
,,,,22:00,2.81,,9.23,,241
,,,,22:15,2.19,,9.23,,236
,,,,22:30,2.14,,8.95,,236
,,,,22:45,2.05,,9.14,,234
,,,,23:00,2,,8.77,,231
,,,,23:15,2,,9.18,,231
,,,,23:30,2.05,,,9.62,218
,,,,23:45,2,,,9.62,218
,,,12,0:00,2,,,8.95,205
,,,,0:15,2,,,7.73,210
,,,,0:30,2,,,7.20,213
,,,,0:45,2,,6.5,,226
,,,,1:00,2,,6.37,,239
,,,,1:15,2.09,,6.21,,257
,,,,1:30,2.05,,6.24,,270
,,,,1:45,2,,6.05,,281
,,,,2:00,2,,5.9,,283
,,,,2:15,2,,5.9,,289
,,,,2:30,2.04,,5.67,,286
,,,,2:45,2,,5.64,,286
,,,,3:00,2,,5.75,,278
,,,,3:15,2,,5.64,,270
,,,,3:30,2,,5.64,,257
,,,,3:45,2,,5.64,,241
,,,,4:00,2,,5.9,,231
,,,,4:15,2,2.35,5.64,,213
,,,,4:30,2,2.28,4.62,,207
,,,,4:45,2,,4.3,,215
,,,,5:00,2,,3.73,,228
,,,,5:15,2.05,,4.2,,231
,,,,5:30,2.05,,4.62,,236
,,,,5:45,2.2,,5.33,,231
,,,,6:00,2.14,3.06,5.5,,226
,,,,6:15,2.36,3.3,4.99,,218
,,,,6:30,2,,5.07,,215
,,,,6:45,2.36,3.12,5.5,,207
,,,,7:00,2.41,3.06,5.64,,205
,,,,7:15,2.05,3.36,5.5,,200
,,,,7:30,2,3.39,5.5,,205
,,,,7:45,2.55,3.29,5.5,,192
,,,,8:00,2.14,,5.75,,186
,,,,8:15,2.26,,6.21,,194
,,,,8:30,2.55,,6.21,,189
,,,,8:45,3,,6.21,,189
,,,,9:00,2.54,,6.34,,194
,,,,9:15,2.6,,6.5,,186
,,,,9:30,3.87,,6.84,,192
,,,,9:45,2.81,,7.2,,189
,,,,10:00,3,,7.34,,181
,,,,10:15,3.87,,7.53,,186
,,,,10:30,3,,7.73,,186
,,,,10:45,2.94,,8.13,,213
,,,,11:00,2.79,,8.51,,163
,,,,11:15,2.55,4.22,8.73,,215
,,,,11:30,2.94,4.33,8.95,,226
,,,,11:45,2.87,4.44,8.95,,247
,,,,12:00,2.87,4.33,8.95,,218
,,,,12:15,2.95,4.33,8.95,,218
,,,,12:30,2.95,4.33,8.95,,210
,,,,12:45,2.74,4.22,9,,205
,,,,13:00,2.67,4.01,9.18,,200
,,,,13:15,2.6,4.01,9.23,,200
,,,,13:30,2.67,3.99,9.47,,189
,,,,13:45,2.81,,9.42,,192
,,,,14:00,2.36,,9.62,,197
,,,,14:15,2.26,,9.86,,207
,,,,14:30,2.36,,10.1,,197
,,,,14:45,2.2,,10.4,,197
,,,,15:00,2.31,,10.6,,200
,,,,15:15,2.54,,10.9,,205
,,,,15:30,2.13,3.81,11.1,,197
,,,,15:45,2.26,3.81,11.5,,200
,,,,16:00,2.24,3.29,11.4,,223
,,,,16:15,,,,,
,,,,16:30,,,,,
,,,,16:45,2.08,3.11,11.7,,241
,,,,17:00,2.24,3.6,11.7,,270
,,,,17:15,2.04,4.78,11.4,,255
,,,,17:30,2.24,4.29,11.1,,247
,,,,17:45,2,3.71,10.6,,236
,,,,18:00,2.05,3.39,10.1,,231
,,,,18:15,2.04,3.55,9.47,,234
,,,,18:30,2,6.24,9.18,,260
,,,,18:45,2,5.18,8.91,,265
,,,,19:00,2.05,5.18,8.51,,257
,,,,19:15,2.42,,8.77,,268
,,,,19:30,2.36,4.14,8.73,,273
,,,,19:45,2.04,3.99,8.73,,278
,,,,20:00,2.36,4.26,8.55,,273
,,,,20:15,2.31,4.92,8.73,,273
,,,,20:30,3.02,4.92,8.73,,299
,,,,20:45,2.31,,8.95,,249
,,,,21:00,2.2,,8.95,,236
,,,,21:15,2.24,4.14,8.73,,234
,,,,21:30,2.3,4.9,8.51,,239
,,,,21:45,2.26,,8.13,,231
,,,,22:00,2.31,,7.73,,228
,,,,22:15,2.19,,7.57,,231
,,,,22:30,2,4.62,7.53,,252
,,,,22:45,2,6.27,7.23,,249
,,,,23:00,2,6.27,7.01,,265
,,,,23:15,2.19,6.24,6.37,,262
,,,,23:30,2.09,5.04,6.07,,257
,,,,23:45,2.05,4.49,5.64,,262
,,,13,0:00,2,4.09,5.09,,268
,,,,0:15,2,3.12,,5.36,262
,,,,0:30,2,3.53,,5.52,294
,,,,0:45,2,3.3,,5.64,283
,,,,1:00,2,2.59,,5.64,294
,,,,1:15,2,2.51,,5.64,299
,,,,1:30,2,3.05,,5.36,304
,,,,1:45,2,2.77,,5.22,296
,,,,2:00,2,2.46,,5.64,275
,,,,2:15,2,2.84,,5.64,273
,,,,2:30,2.13,3.06,,5.64,275
,,,,2:45,2.14,,,5.22,270
,,,,3:00,2.05,2.58,,5.38,268
,,,,3:15,2,,,4.86,268
,,,,3:30,2,2.71,,4.99,268
,,,,3:45,2,2.58,,5.01,257
,,,,4:00,2,3.33,,4.86,268
,,,,4:15,2,3.22,,4.86,275
,,,,4:30,2,3.12,,5.64,270
,,,,4:45,2,3.14,,5.64,268
,,,,5:00,2.05,2.84,,4.51,260
,,,,5:15,2.14,2.64,,5.22,257
,,,,5:30,2,3.48,,5.36,249
,,,,5:45,2,3.11,5.09,,239
,,,,6:00,2.04,3.05,5.36,,226
,,,,6:15,2,3.29,5.64,,210
,,,,6:30,2,3.71,5.47,,210
,,,,6:45,2,3.31,6.05,,218
,,,,7:00,2,3.53,6.37,,207
,,,,7:15,2,3.12,6.21,,205
,,,,7:30,2.26,3.21,6.21,,215
,,,,7:45,2.14,3.21,6.21,,207
,,,,8:00,2.3,3.37,6.37,,207
,,,,8:15,2.47,5.33,6.37,,197
,,,,8:30,2.3,3.46,6.34,,197
,,,,8:45,2.41,,6.37,,192
,,,,9:00,2,3.04,6.5,,189
,,,,9:15,2,3.04,6.5,,189
,,,,9:30,2.13,3.91,7.01,,181
,,,,9:45,2.09,3.91,6.84,,186
,,,,10:00,2.14,3.91,6.98,,226
,,,,10:15,2.55,3.91,7.34,,176
,,,,10:30,2.09,,7.53,,207
,,,,10:45,2.47,,7.53,,186
,,,,11:00,2.14,,7.73,,210
,,,,11:15,2.3,4.09,8.34,,197
,,,,11:30,2.95,4.11,8.13,,231
,,,,11:45,2.47,4.17,8.34,,252
,,,,12:00,2.55,5.3,8.55,,422
,,,,12:15,2.55,5.33,8.95,,4.12
,,,,12:30,2.6,4.65,9.23,,404
,,,,12:45,2.74,5.42,9.18,,399
,,,,13:00,2.36,5.04,9.62,,396
,,,,13:15,2.36,5.4,9.86,,383
,,,,13:30,2.74,5.45,10,,378
,,,,13:45,2.54,5.61,10.4,,372
,,,,14:00,3,5.33,10.6,,359
,,,,14:15,2.67,5.48,10.9,,351
,,,,14:30,2.54,5.07,11.1,,344
,,,,14:45,2.31,5.61,11.2,,344
,,,,15:00,2.54,5.64,11.7,,338
,,,,15:15,2.19,5.77,12.1,,325
,,,,15:30,2,5.48,12.3,,310
,,,,15:45,2.24,5.18,12.6,,296
,,,,16:00,2.2,5.64,12.6,,289
,,,,16:15,2.31,6.74,12.7,,289
,,,,16:30,2.19,7.53,12.6,,281
,,,,16:45,2,6.27,12.9,,270
,,,,17:00,2.08,6.93,12.3,,262
,,,,17:15,2,8.87,11.8,,249
,,,,17:30,2.3,4.26,11.7,,241
,,,,17:45,2.26,4.02,11.4,,239
,,,,18:00,2.2,3.62,11.1,,231
,,,,18:15,2.19,3.3,9.42,,220
,,,,18:30,2.35,3.3,9.18,,226
,,,,18:45,2.26,,7.77,,218
,,,,19:00,2.49,,7.77,,234
,,,,19:15,2,3.11,7.77,,270
,,,,19:30,2,3.05,7.73,,283
,,,,19:45,2,3.14,7.57,,294
,,,,20:00,2.49,,7.38,,286
,,,,20:15,2,2.91,7.34,,289
,,,,20:30,2.2,,7.34,,283
,,,,20:45,2.2,,7.38,,278
,,,,21:00,2,3.02,7.57,,273
,,,,21:15,2,3.62,7.31,,270
,,,,21:30,2.04,4.22,7.27,,270
,,,,21:45,2.14,3.62,7.23,,268
,,,,22:00,2.14,4.01,7.23,,262
,,,,22:15,2.19,3.02,7.05,,252
,,,,22:30,2.05,,7.01,,252
,,,,22:45,2.42,,6.84,,249
,,,,23:00,2.3,,6.5,,247
,,,,23:15,2.3,,6.37,,249
,,,,23:30,2.04,3.29,5.93,,247
,,,,23:45,2.05,,5.9,,255
,,,14,0:00,2.09,,5.67,,249
,,,,0:15,2.05,,5.64,,249
,,,,0:30,2.08,,5.36,,252
,,,,0:45,2,,5.36,,260
,,,,1:00,2.05,,5.36,,270
,,,,1:15,2,3.7,5.36,,268
,,,,1:30,2,3.21,5.22,,257
,,,,1:45,2.05,2.7,5.01,,255
,,,,2:00,2,3.53,5.09,,257
,,,,2:15,2,4.26,4.89,,257
,,,,2:30,2.04,5.04,4.77,,244
,,,,2:45,2,2.58,4.53,,247
,,,,3:00,2.04,2.4,4.51,,260
,,,,3:15,2.05,,4.42,,252
,,,,3:30,2,2.52,4.3,,257
,,,,3:45,2.04,2.18,4.11,,252
,,,,4:00,2,,3.91,,255
,,,,4:15,2,2.23,3.89,,262
,,,,4:30,2,2.78,3.71,,257
,,,,4:45,2,3.49,3.71,,260
,,,,5:00,2,2.11,3.83,,257
,,,,5:15,2,3.73,3.97,,241
,,,,5:30,2,3.33,4.74,,255
,,,,5:45,2,3.39,5.22,,239
,,,,6:00,2,2.97,5.78,,223
,,,,6:15,2.2,3.3,5.78,,210
,,,,6:30,2,3.7,6.53,,226
,,,,6:45,2,3.46,6.7,,210
,,,,7:00,2.04,3.6,5.9,,205
,,,,7:15,2,3.29,5.36,,205
,,,,7:30,2,3.22,5.09,,194
,,,,7:45,2,3.37,5.2,,194
,,,,8:00,2.05,3.64,5.47,,192
,,,,8:15,2.14,3.73,5.33,,186
,,,,8:30,2.2,3.71,5.72,,186
,,,,8:45,2.13,3.71,5.75,,189
,,,,9:00,2.26,3.53,5.87,,176
,,,,9:15,2.05,3.31,6.02,,181
,,,,9:30,2.12,,6.5,,173
,,,,9:45,2.6,,6.67,,176
,,,,10:00,2.55,3.81,7.2,,173
,,,,10:15,2.3,4.01,7.57,,176
,,,,10:30,2.09,,7.97,,179
,,,,10:45,2.49,,8.3,,186
,,,,11:00,2.31,,8.73,,179
,,,,11:15,2.62,4.22,9.37,,181
,,,,11:30,2.36,,9.81,,176
,,,,11:45,2.87,,10.4,,176
,,,,12:00,2.81,,10.9,,186
,,,,12:15,2.55,,11.5,,186
,,,,12:30,2.41,,11.7,,179
,,,,12:45,3.02,,12,,179
,,,,13:00,3,3.93,12.3,,176
,,,,13:15,2.2,4.22,12.7,,171
,,,,13:30,2.49,3.7,12.9,,181
,,,,13:45,2.81,,12.8,,173
,,,,14:00,2.47,,13,,168
,,,,14:15,2.88,,12.9,,200
,,,,14:30,2,3.55,13.2,,205
,,,,14:45,2.19,,12.9,,218
,,,,15:00,2.08,3.31,12.9,,207
,,,,15:15,2.14,3.53,13,,200
,,,,15:30,2.55,3.3,12.8,,215
,,,,15:45,2.47,3.22,12.9,,215
,,,,16:00,2.04,3.12,12.9,,210
,,,,16:15,2.05,4.29,12.3,,213
,,,,16:30,2,3.82,12,,228
,,,,16:45,2,3.13,11.7,,247
,,,,17:00,2.05,3.11,11.7,,226
,,,,17:15,2,3,11.7,,249
,,,,17:30,2,3.37,11.7,,257
,,,,17:45,2.05,3.12,11.2,,234
,,,,18:00,2.31,3.37,11.1,,234
,,,,18:15,2.31,3.62,11.5,,234
,,,,18:30,2.55,,10.9,,231
,,,,18:45,2.35,,9.14,,215
,,,,19:00,2.49,,7.77,,215
,,,,19:15,2.31,,7.69,,226
,,,,19:30,2.31,,7.38,,231
,,,,19:45,3.08,,7.2,,265
,,,,20:00,2.49,,7.38,,270
,,,,20:15,2.67,,7.2,,268
,,,,20:30,2.3,,7.57,,283
,,,,20:45,2.31,,7.34,,262
,,,,21:00,2.67,,7.34,,262
,,,,21:15,2.36,,7.38,,252
,,,,21:30,2.49,,7.01,,249
,,,,21:45,2.09,,6.98,,247
,,,,22:00,2.09,,6.67,,247
,,,,22:15,2.26,,6.5,,252
,,,,22:30,2.05,,6.37,,252
,,,,22:45,2.27,,6.08,,255
,,,,23:00,2.05,,5.5,,247
,,,,23:15,2,,5.22,,255
,,,,23:30,2.05,,5.09,,262
,,,,23:45,2.05,,4.86,,262
,,,15,0:00,2,,4.77,,257
,,,,0:15,2,,4.74,,268
,,,,0:30,2.09,,4.74,,270
,,,,0:45,2,,4.74,,268
,,,,1:00,2.05,,4.74,,262
,,,,1:15,2,,4.74,,255
,,,,1:30,2,,4.74,,249
,,,,1:45,2,,4.6,,241
,,,,2:00,2,,4.51,,239
,,,,2:15,2,,4.48,,239
,,,,2:30,2.01,,4.44,,234
,,,,2:45,2,,4.33,,234
,,,,3:00,2,,4.18,,234
,,,,3:15,2,,3.81,,234
,,,,3:30,2.05,,3.53,,249
,,,,3:45,2.05,,3.46,,260
,,,,4:00,2.04,,3.29,,270
,,,,4:15,2,,3.29,,270
,,,,4:30,2.04,,3.27,,273
,,,,4:45,2,,3.21,,260
,,,,5:00,2,,3.29,,257
,,,,5:15,2,,3.51,,249
,,,,5:30,2,,3.91,,236
,,,,5:45,2.41,,4.3,,236
,,,,6:00,2.36,,4.86,,228
,,,,6:15,2.36,,5.38,,194
,,,,6:30,2.94,,5.5,,228
,,,,6:45,2.13,,5.61,,210
,,,,7:00,2.14,,5.5,,207
,,,,7:15,2.04,3.39,5.2,,200
,,,,7:30,2.31,3.44,5.22,,173
,,,,7:45,2.26,3.29,5.36,,176
,,,,8:00,2.5,3.55,5.33,,231
,,,,8:15,2.41,3.79,5.36,,192
,,,,8:30,2.36,3.39,5.78,,192
,,,,8:45,2.36,3.91,6.21,,181
,,,,9:00,2.3,4.01,6.5,,179
,,,,9:15,2.95,,7.2,,189
,,,,9:30,2.41,,7.57,,171
,,,,9:45,2.24,,8.13,,171
,,,,10:00,2.71,,8.51,,202
,,,,10:15,3,,8.95,,179
,,,,10:30,2.6,4.09,9.42,,213
,,,,10:45,3.16,,9.81,,207
,,,,11:00,2.47,,10.4,,163
,,,,11:15,2.81,4.11,10.7,,205
,,,,11:30,2.95,4.09,11.4,,207
,,,,11:45,3.08,,11.7,,181
,,,,12:00,2.3,3.81,12,,200
,,,,12:15,3.02,,12,,176
,,,,12:30,2.62,4.09,12.3,,192
,,,,12:45,2.54,4.33,12.6,,189
,,,,13:00,2.88,4.01,12.8,,186
,,,,13:15,2.3,4.01,13,,173
,,,,13:30,2.87,3.51,13.2,,186
,,,,13:45,2.88,,13.3,,184
,,,,14:00,2.14,,13.2,,181
,,,,14:15,2.55,3.91,13.8,,176
,,,,14:30,2.49,5.18,13.3,,165
,,,,14:45,2.35,5.8,13.2,,165
,,,,15:00,2.36,4.76,13.3,,192
,,,,15:15,2.05,3.53,13.2,,210
,,,,15:30,2.19,3.62,13.3,,231
,,,,15:45,2.09,3.93,13.3,,213
,,,,16:00,2.05,3.62,13.5,,215
,,,,16:15,2.81,,13.7,,218
,,,,16:30,2.81,,13.9,,215
,,,,16:45,2.49,,13.6,,207
,,,,17:00,2.26,,13.2,,218
,,,,17:15,2.3,,12.7,,234
,,,,17:30,2.08,,11.8,,236
,,,,17:45,2.95,,11.4,,231
,,,,18:00,2.42,,11.1,,234
,,,,18:15,2.49,,9.62,,228
,,,,18:30,2.26,,9.42,,236
,,,,18:45,2.3,,9.47,,239
,,,,19:00,2.49,,8.95,,257
,,,,19:15,2.49,,9.23,,265
,,,,19:30,2.42,,9.42,,260
,,,,19:45,2.47,,8.95,,262
,,,,20:00,2.49,,8.73,,262
,,,,20:15,2.31,,9.23,,262
,,,,20:30,2.49,,8.51,,262
,,,,20:45,2.31,,9.18,,281
,,,,21:00,2.36,,9.18,,281
,,,,21:15,2.24,,9,,273
,,,,21:30,2.14,,8.95,,270
,,,,21:45,2.55,,8.73,,270
,,,,22:00,2.42,,8.51,,262
,,,,22:15,2.41,,8.51,,262
,,,,22:30,2.04,,8.51,,270
,,,,22:45,2.13,,8.51,,268
,,,,23:00,2.19,,8.95,,262
,,,,23:15,2.09,,,8.95,262
,,,,23:30,2.49,,,7.20,260
,,,,23:45,2.62,,,7.20,255
,,,16,0:00,2.36,,,7.20,260
,,,,0:15,2.05,,,7.20,273
,,,,0:30,2.05,,,7.20,273
,,,,0:45,2.04,,,8.13,260
,,,,1:00,2.09,,,8.13,260
,,,,1:15,2,,7.34,,255
,,,,1:30,2.04,,7.34,,262
,,,,1:45,2.14,,7.31,,257
,,,,2:00,2.05,,7.73,,255
,,,,2:15,2,,7.34,,241
,,,,2:30,2.05,,7.53,,231
,,,,2:45,2,,,8.95,226
,,,,3:00,2,,,10.10,218
,,,,3:15,2,,,10.10,207
,,,,3:30,2,,,8.13,205
,,,,3:45,2,2.84,,6.50,197
,,,,4:00,2,,,5.52,207
,,,,4:15,2,2.78,,5.09,207
,,,,4:30,2,,,4.20,210
,,,,4:45,2,2.66,,3.64,210
,,,,5:00,2,2.62,2.75,,239
,,,,5:15,2,2.92,3.19,,231
,,,,5:30,2.05,10.8,3.81,,234
,,,,5:45,2,2.77,4.28,,226
,,,,6:00,2,3.06,4.53,,207
,,,,6:15,2.31,3.39,4.84,,228
,,,,6:30,2.05,2.84,4.89,,207
,,,,6:45,2.31,3.05,4.99,,210
,,,,7:00,2.08,,4.99,,197
,,,,7:15,2.2,,5.01,,189
,,,,7:30,2.26,,5.36,,176
,,,,7:45,2.05,,5.47,,171
,,,,8:00,2.26,,5.61,,207
,,,,8:15,2.13,3.83,5.72,,194
,,,,8:30,2.41,4.14,5.61,,200
,,,,8:45,2.36,4.26,5.9,,197
,,,,9:00,2.41,4.02,6.05,,186
,,,,9:15,2.72,4.92,6.37,,186
,,,,9:30,2.36,,6.5,,186
,,,,9:45,2.62,4.12,6.67,,186
,,,,10:00,2.81,5.9,6.84,,186
,,,,10:15,2.36,4.39,7.2,,186
,,,,10:30,2.3,4.01,7.53,,192
,,,,10:45,2.3,4.74,7.93,,155
,,,,11:00,2.49,4.33,8.51,,163
,,,,11:15,2.66,4.77,8.73,,414
,,,,11:30,2.67,4.39,9.42,,228
,,,,11:45,2.19,4.53,9.86,,215
,,,,12:00,3,4.51,10.6,,155
,,,,12:15,3.02,4.33,11.1,,210
,,,,12:30,2.81,4.3,11.4,,228
,,,,12:45,2.62,4.3,12,,205
,,,,13:00,2.36,4.33,12.3,,200
,,,,13:15,2.3,3.83,12.8,,181
,,,,13:30,2.88,3.83,12.9,,213
,,,,13:45,2.81,4.2,13.3,,202
,,,,14:00,2.31,3.31,13.3,,205
,,,,14:15,2.31,4.41,13.2,,315
,,,,14:30,2.55,3.93,12.9,,184
,,,,14:45,2.35,4.26,12.3,,231
,,,,15:00,2.47,5.07,12.3,,207
,,,,15:15,2.3,3.7,12.3,,215
,,,,15:30,2.24,3.87,12,,194
,,,,15:45,2.05,4.05,11.7,,207
,,,,16:00,2,4.65,11.7,,197
,,,,16:15,2.04,3.29,11.7,,218
,,,,16:30,2,3.31,11.4,,218
,,,,16:45,2,2.51,11.4,,194
,,,,17:00,2.79,,11.4,,241
,,,,17:15,2.26,3.05,10.9,,255
,,,,17:30,2.31,,10.9,,247
,,,,17:45,2.26,,10.9,,260
,,,,18:00,2,3.12,10.1,,247
,,,,18:15,2,3.51,10.4,,257
,,,,18:30,2.19,3.6,10.4,,260
,,,,18:45,2.05,3.21,9.42,,260
,,,,19:00,2.24,3.12,9.18,,255
,,,,19:15,2.2,,9.42,,255
,,,,19:30,2.31,,9.42,,268
,,,,19:45,2.3,,9.47,,273
,,,,20:00,2.31,,9.23,,268
,,,,20:15,2.35,,9.42,,270
,,,,20:30,2.36,,9.18,,270
,,,,20:45,2.35,,9.47,,257
,,,,21:00,2.31,,9.42,,257
,,,,21:15,2.42,,9,,257
,,,,21:30,2.49,,8.95,,255
,,,,21:45,2.31,,9.18,,255
,,,,22:00,2.19,,8.95,,257
,,,,22:15,2.2,,9.18,,260
,,,,22:30,2,,8.73,,260
,,,,22:45,2.2,,8.77,,265
,,,,23:00,2,,8.51,,252
,,,,23:15,2.05,,8.17,,244
,,,,23:30,2,,8.13,,241
,,,,23:45,2.05,2.92,7.73,,241
,,,17,0:00,2,,7.2,,241
,,,,0:15,2.31,,7.34,,255
,,,,0:30,2.04,,7.34,,249
,,,,0:45,2,,6.87,,249
,,,,1:00,2,,6.84,,247
,,,,1:15,2,,6.67,,247
,,,,1:30,2,,6.67,,249
,,,,1:45,2.05,,6.37,,249
,,,,2:00,2,2.92,6.08,,247
,,,,2:15,2.19,,6.05,,255
,,,,2:30,2,2.92,5.75,,252
,,,,2:45,2,2.85,5.67,,244
,,,,3:00,2,2.45,5.5,,244
,,,,3:15,2,2.59,,6.05,247
,,,,3:30,2,3.14,,5.90,241
,,,,3:45,2,2.4,,5.64,239
,,,,4:00,2,2.58,,5.50,236
,,,,4:15,2,3.12,,5.36,231
,,,,4:30,2,3.7,,4.86,213
,,,,4:45,2,4.62,,3.99,210
,,,,5:00,2,5.07,,3.99,270
,,,,5:15,2,5.07,,4.20,281
,,,,5:30,2,6.6,,4.09,278
,,,,5:45,2,6.6,4.3,,239
,,,,6:00,2,5.9,4.74,,226
,,,,6:15,2.08,6.27,5.38,,249
,,,,6:30,2.05,6.6,5.9,,228
,,,,6:45,2,6.74,5.87,,249
,,,,7:00,2.05,7.17,5.61,,236
,,,,7:15,2.09,5.64,6.05,,213
,,,,7:30,2.13,3.91,6.37,,215
,,,,7:45,2.19,3.31,6.37,,205
,,,,8:00,2.3,3.84,6.37,,210
,,,,8:15,2.09,4.01,6.37,,197
,,,,8:30,2.36,3.83,6.5,,213
,,,,8:45,2.3,4.01,6.67,,205
,,,,9:00,2.66,4.2,7.01,,194
,,,,9:15,2.62,4.22,7.38,,197
,,,,9:30,2.3,3.93,7.57,,200
,,,,9:45,2.14,3.73,7.93,,194
,,,,10:00,2.88,,8.13,,197
,,,,10:15,2.87,,8.13,,189
,,,,10:30,2.49,,8.51,,192
,,,,10:45,2.42,,8.73,,189
,,,,11:00,3.08,,9.47,,186
,,,,11:15,2.88,,10.2,,181
,,,,11:30,3.25,3.81,10.6,,192
,,,,11:45,2.81,3.81,11.1,,184
,,,,12:00,2.88,4.09,11.7,,207
,,,,12:15,2.49,4.44,12.3,,239
,,,,12:30,2.94,3.99,12.6,,184
,,,,12:45,2.95,,12.9,,173
,,,,13:00,2.88,,12.9,,202
,,,,13:15,3.02,,12.9,,171
,,,,13:30,3.02,,12.6,,173
,,,,13:45,2.14,,12.6,,228
,,,,14:00,2.54,,12.3,,189
,,,,14:15,2.36,,12,,194
,,,,14:30,2.35,,12,,215
,,,,14:45,2.13,,12,,184
,,,,15:00,2.47,,12.1,,194
,,,,15:15,2.36,,12,,194
,,,,15:30,2.42,,12,,207
,,,,15:45,2,3.37,12.3,,194
,,,,16:00,2.2,3.21,12.3,,231
,,,,16:15,2.94,,12.6,,215
,,,,16:30,2.95,,12.6,,220
,,,,16:45,2.26,,13,,155
,,,,17:00,2.6,,13,,249
,,,,17:15,2.55,,12.9,,241
,,,,17:30,2.79,,12.3,,236
,,,,17:45,2.26,,11.8,,228
,,,,18:00,2.35,,11.1,,215
,,,,18:15,2.36,,9.62,,213
,,,,18:30,2.35,,9.18,,213
,,,,18:45,2.26,,7.73,,207
,,,,19:00,2,,7.77,,210
,,,,19:15,2.05,,7.38,,239
,,,,19:30,2.81,,7.49,,262
,,,,19:45,2.26,,7.53,,257
,,,,20:00,2.36,,7.53,,273
,,,,20:15,2.95,,7.53,,281
,,,,20:30,2.26,,7.34,,291
,,,,20:45,2.05,,7.31,,294
,,,,21:00,2.26,,7.73,,283
,,,,21:15,2.3,,,7.73,278
,,,,21:30,2.05,,,8.73,289
,,,,21:45,2.24,3.7,,7.73,286
,,,,22:00,2.05,2.59,,8.73,273
,,,,22:15,2.04,3.62,,9.18,260
,,,,22:30,2,3.7,,9.42,247
,,,,22:45,2,5.8,,9.23,236
,,,,23:00,2.04,4.17,,9.91,239
,,,,23:15,2.09,3.62,,9.42,249
,,,,23:30,2.08,6.41,,12.30,249
,,,,23:45,2.09,5.93,,12.30,260
,,,18,0:00,2,4.49,,9.42,247
,,,,0:15,2,5.04,,8.95,255
,,,,0:30,2,6.1,,7.34,255
,,,,0:45,2.05,8.63,,8.77,247
,,,,1:00,2,8.82,,8.13,241
,,,,1:15,2,12,,9.42,239
,,,,1:30,2.04,8.17,,9.86,226
,,,,1:45,2,10,,8.51,218
,,,,2:00,2.05,13.7,,7.73,210
,,,,2:15,2,12.6,,7.20,215
,,,,2:30,2,12.6,,7.01,228
,,,,2:45,2,10.9,,6.67,218
,,,,3:00,2,6.1,5.64,,215
,,,,3:15,2,4.14,5.5,,213
,,,,3:30,2,3.49,4.89,,210
,,,,3:45,2,3.23,3.97,,202
,,,,4:00,2,,3.81,,231
,,,,4:15,2,,3.21,,231
,,,,4:30,2,,3.21,,249
,,,,4:45,2,,2.82,,239
,,,,5:00,2,,2.98,,241
,,,,5:15,2.42,,3.36,,247
,,,,5:30,2.05,2.85,3.99,,234
,,,,5:45,2,,4.3,,234
,,,,6:00,2.31,3.3,4.51,,228
,,,,6:15,2,5.07,4.84,,223
,,,,6:30,2.13,5.45,5.09,,255
,,,,6:45,2.13,4.78,5.09,,226
,,,,7:00,2.05,3.7,5.09,,210
,,,,7:15,2.05,4.14,5.09,,228
,,,,7:30,2.19,11.1,5.22,,218
,,,,7:45,2.09,3.39,5.52,,226
,,,,8:00,2.88,3.71,5.38,,226
,,,,8:15,2.13,3.51,5.64,,228
,,,,8:30,2.26,3.91,5.75,,226
,,,,8:45,2.09,3.55,6.05,,215
,,,,9:00,2.66,4.09,6.21,,220
,,,,9:15,2.09,4.11,6.53,,223
,,,,9:30,2.2,4.33,7.01,,236
,,,,9:45,2.19,4.42,7.34,,213
,,,,10:00,2.6,4.51,7.77,,231
,,,,10:15,2.55,5.04,8.17,,252
,,,,10:30,2.88,4.3,8.34,,205
,,,,10:45,2.88,4.42,8.73,,213
,,,,11:00,2.42,3.99,8.95,,207
,,,,11:15,3.02,4.53,9.18,,241
,,,,11:30,3,4.65,9.42,,365
,,,,11:45,3.09,4.76,9.62,,370
,,,,12:00,2.36,4.76,9.86,,370
,,,,12:15,2.95,4.11,10.1,,194
,,,,12:30,2.81,3.91,10.1,,192
,,,,12:45,2.79,,10.6,,176
,,,,13:00,2.67,,10.9,,184
,,,,13:15,2.88,3.99,10.9,,173
,,,,13:30,2.54,,11.1,,186
,,,,13:45,2.6,,11.5,,176
,,,,14:00,2.74,,11.4,,163
,,,,14:15,2.87,4.42,11.7,,365
,,,,14:30,2.88,4.22,11.7,,359
,,,,14:45,2.49,4.74,12.1,,281
,,,,15:00,2.14,4.11,12.3,,247
,,,,15:15,2.2,3.71,12.3,,252
,,,,15:30,2.31,4.09,12.3,,262
,,,,15:45,2.2,4.17,12.7,,310
,,,,16:00,2.19,4.29,13,,296
,,,,16:15,2.2,4.02,12.9,,289
,,,,16:30,2.81,3.48,13,,252
,,,,16:45,2.2,3.91,13.2,,265
,,,,17:00,2.08,4.17,12.8,,257
,,,,17:15,2.09,3.46,12.9,,244
,,,,17:30,2.26,5.3,12.6,,234
,,,,17:45,2,6.93,12.3,,226
,,,,18:00,2.3,6.74,11.7,,234
,,,,18:15,2.2,5.04,11.2,,220
,,,,18:30,2,4.41,8.95,,218
,,,,18:45,2.19,3.29,8.77,,218
,,,,19:00,2.49,,7.73,,223
,,,,19:15,2.35,,8.51,,239
,,,,19:30,2.42,3.73,8.51,,255
,,,,19:45,2.05,3.3,8.17,,273
,,,,20:00,2.08,3.73,7.97,,281
,,,,20:15,2,3.12,7.93,,281
,,,,20:30,2,2.85,7.73,,286
,,,,20:45,2,3.12,8.91,,278
,,,,21:00,2,3.48,8.73,,289
,,,,21:15,2.42,3.12,8.95,,275
,,,,21:30,2.09,,8.95,,275
,,,,21:45,2.31,,,8.95,268
,,,,22:00,2.05,,7.93,,268
,,,,22:15,2.54,,7.93,,268
,,,,22:30,2,,7.34,,262
,,,,22:45,2.09,,7.2,,257
,,,,23:00,2.09,,7.05,,260
,,,,23:15,2.04,,6.5,,255
,,,,23:30,2.05,,6.07,,268
,,,,23:45,2,2.7,5.07,,275
,,,19,0:00,2.08,,5.64,,283
,,,,0:15,2.47,,5.33,,302
,,,,0:30,2,,5.36,,294
,,,,0:45,2,2.59,5.22,,299
,,,,1:00,2,2.78,5.22,,291
,,,,1:15,2,,5.09,,283
,,,,1:30,2,,4.96,,281
,,,,1:45,2,2.51,4.99,,281
,,,,2:00,2.05,3,4.86,,281
,,,,2:15,2.04,3.14,4.74,,270
,,,,2:30,2.2,,4.53,,262
,,,,2:45,2.2,,4.74,,262
,,,,3:00,2.04,,4.72,,255
,,,,3:15,2.05,2.33,4.42,,236
,,,,3:30,2,3.13,4.3,,239
,,,,3:45,2,,4.2,,236
,,,,4:00,2,2.7,4.3,,228
,,,,4:15,2,3.12,4.2,,241
,,,,4:30,2,4.39,,4.74,239
,,,,4:45,2,5.3,,4.51,257
,,,,5:00,2,5.48,3.93,,257
,,,,5:15,2,6.1,,5.07,281
,,,,5:30,2,4.9,4.22,,359
,,,,5:45,2,3.93,5.36,,226
,,,,6:00,2,3.7,5.64,,239
,,,,6:15,2.13,5.07,5.78,,244
,,,,6:30,2.14,3.31,5.67,,228
,,,,6:45,2.3,6.07,5.67,,260
,,,,7:00,2.04,5.04,5.61,,247
,,,,7:15,2.49,3.82,5.52,,226
,,,,7:30,2,3.93,5.72,,234
,,,,7:45,2,4.02,5.87,,210
,,,,8:00,2.47,5.09,5.87,,283
,,,,8:15,2.09,4.29,5.61,,265
,,,,8:30,2.19,4.01,5.9,,213
,,,,8:45,2.14,5.01,5.9,,236
,,,,9:00,2.31,5.33,5.93,,220
,,,,9:15,2.08,4.09,5.64,,200
,,,,9:30,2.72,4,5.5,,192
,,,,9:45,2.72,5.15,5.77,,482
,,,,10:00,2.94,5.45,5.9,,454
,,,,10:15,2.26,5.8,6.21,,448
,,,,10:30,2.6,4.18,6.5,,194
,,,,10:45,2.3,4.01,6.84,,189
,,,,11:00,2.49,4.42,7.34,,186
,,,,11:15,2.6,4.62,7.73,,186
,,,,11:30,2.66,3.93,7.93,,186
,,,,11:45,2.47,,8.3,,181
,,,,12:00,2.62,4.02,8.73,,179
,,,,12:15,2.14,4.09,8.95,,179
,,,,12:30,2.81,4.99,9.37,,179
,,,,12:45,2.42,4.51,9.62,,383
,,,,13:00,2.3,5.15,9.86,,380
,,,,13:15,2.55,4.76,10.4,,372
,,,,13:30,2.67,5.33,10.7,,372
,,,,13:45,2.26,6.93,10.9,,359
,,,,14:00,2.16,8.17,11.4,,357
,,,,14:15,2.14,9.06,11.7,,357
,,,,14:30,2.05,10.8,12,,362
,,,,14:45,2.55,11.1,12.3,,349
,,,,15:00,2.05,10.8,12.6,,351
,,,,15:15,2.26,8.4,12.3,,333
,,,,15:30,2.26,6.24,12.9,,336
,,,,15:45,2.24,6.93,12.9,,336
,,,,16:00,2.08,3.84,13.2,,186
,,,,16:15,2.3,3.37,13.3,,262
,,,,16:30,2,3.84,13.2,,236
,,,,16:45,2.24,3.91,13.3,,310
,,,,17:00,2.26,3.91,12.9,,275
,,,,17:15,2,2.91,12.9,,247
,,,,17:30,2.81,,13.2,,262
,,,,17:45,2,3.12,12.6,,257
,,,,18:00,2.47,3.14,11.7,,257
,,,,18:15,2.66,6.93,12.3,,249
,,,,18:30,2.35,3.62,11.4,,249
,,,,18:45,2.26,3.49,11.4,,241
,,,,19:00,2.26,3.21,11.1,,244
,,,,19:15,2,3.39,10.6,,249
,,,,19:30,2,3.48,10.5,,257
,,,,19:45,2.49,3.3,9.42,,257
,,,,20:00,3.09,,9.47,,270
,,,,20:15,2.79,,10.2,,273
,,,,20:30,2.55,,10.6,,268
,,,,20:45,2.35,,10.1,,260
,,,,21:00,2.66,,10.1,,255
,,,,21:15,2.88,,10.1,,249
,,,,21:30,2.88,,10.1,,249
,,,,21:45,2.81,,10,,252
,,,,22:00,2.49,,10,,255
,,,,22:15,2.05,,10.1,,255
,,,,22:30,2.14,,10.6,,247
,,,,22:45,2.49,,9.62,,241
,,,,23:00,2.04,,9.42,,239
,,,,23:15,2.31,,,9.42,236
,,,,23:30,2.1,,,8.95,234
,,,,23:45,2.31,,,8.73,231
,,,20,0:00,2.31,,,8.73,236
,,,,0:15,2.24,,,7.34,252
,,,,0:30,2,,8.13,,255
,,,,0:45,2.04,,8.13,,257
,,,,1:00,2.05,,7.97,,252
,,,,1:15,2.04,,7.89,,255
,,,,1:30,2.05,,7.69,,247
,,,,1:45,2,,7.93,,247
,,,,2:00,2.18,,7.73,,249
,,,,2:15,2,,7.69,,244
,,,,2:30,2,,7.77,,241
,,,,2:45,2,,7.77,,231
,,,,3:00,2,,7.34,,228
,,,,3:15,2,,7.2,,228
,,,,3:30,2,,6.98,,220
,,,,3:45,2,,6.84,,210
,,,,4:00,2,,6.5,,210
,,,,4:15,2,,5.87,,205
,,,,4:30,2.04,,5.5,,205
,,,,4:45,2,2.4,4.53,,205
,,,,5:00,2,,4.3,,210
,,,,5:15,2,,4.11,,218
,,,,5:30,2,,4.42,,239
,,,,5:45,2.08,2.64,4.62,,234
,,,,6:00,2.4,2.84,5.07,,234
,,,,6:15,2.42,,5.5,,197
,,,,6:30,2.14,3.12,5.61,,218
,,,,6:45,2.04,2.98,5.5,,210
,,,,7:00,2.13,3.22,5.47,,194
,,,,7:15,2.19,,5.52,,226
,,,,7:30,2.31,,5.22,,200
,,,,7:45,2.31,,5.5,,186
,,,,8:00,2.26,,5.64,,207
,,,,8:15,2.04,,5.64,,179
,,,,8:30,2.31,,5.64,,163
,,,,8:45,2.31,,5.75,,215
,,,,9:00,2.2,,6.05,,171
,,,,9:15,2.19,,6.02,,218
,,,,9:30,2.35,,6.21,,207
,,,,9:45,2.87,,6.37,,210
,,,,10:00,2.36,3.93,6.67,,207
,,,,10:15,2.47,3.93,6.84,,210
,,,,10:30,2.42,4.17,6.98,,218
,,,,10:45,2.54,4.09,7.38,,210
,,,,11:00,2.49,4.51,7.53,,425
,,,,11:15,2.36,4.33,7.93,,270
,,,,11:30,2.88,4.51,7.93,,446
,,,,11:45,2.87,4.62,7.93,,467
,,,,12:00,2.87,3.91,8.17,,197
,,,,12:15,2.31,4.07,8.34,,197
,,,,12:30,2.6,6.1,8.69,,252
,,,,12:45,2.35,6.74,9,,443
,,,,13:00,2.49,7.78,9.18,,422
,,,,13:15,2.2,5.45,9.57,,404
,,,,13:30,2.49,3.81,9.86,,184
,,,,13:45,3,4.51,10.1,,218
,,,,14:00,2.66,5.64,10.4,,365
,,,,14:15,2.14,6.6,10.6,,341
,,,,14:30,3,4.52,10.6,,328
,,,,14:45,2.74,5.48,10.9,,320
,,,,15:00,2.36,3.91,11.1,,299
,,,,15:15,2.24,3.93,11.1,,283
,,,,15:30,2.2,3.91,11.1,,244
,,,,15:45,2.62,4.02,10.9,,296
,,,,16:00,2.79,3.19,10.8,,247
,,,,16:15,2.19,3.3,10.7,,218
,,,,16:30,2.05,,10.4,,228
,,,,16:45,2.56,,10.3,,234
,,,,17:00,2.3,,10.2,,226
,,,,17:15,2.09,3.41,10.1,,255
,,,,17:30,2.79,,10.4,,260
,,,,17:45,2.41,,10.4,,260
,,,,18:00,2.67,,10.4,,249
,,,,18:15,2.62,,10.4,,247
,,,,18:30,2.81,4.76,9.47,,236
,,,,18:45,2.24,6.41,9.37,,247
,,,,19:00,2.24,6.45,8.95,,262
,,,,19:15,2.3,7.95,8.69,,275
,,,,19:30,2.2,5.77,8.51,,257
,,,,19:45,2.14,6.44,8.17,,275
,,,,20:00,2.3,5.45,7.97,,294
,,,,20:15,2.31,4.49,8.13,,273
,,,,20:30,2.3,4.39,8.09,,275
,,,,20:45,2.19,4.26,8.17,,270
,,,,21:00,2.3,3.73,7.93,,268
,,,,21:15,2.04,,7.93,,255
,,,,21:30,2.05,,7.73,,252
,,,,21:45,2.31,,7.93,,252
,,,,22:00,2,,7.2,,249
,,,,22:15,2,,7.34,,247
,,,,22:30,2.24,2.85,7.38,,249
,,,,22:45,2.13,,7.2,,239
,,,,23:00,2.05,,7.2,,231
,,,,23:15,2,,7.2,,226
,,,,23:30,2.05,,6.98,,231
,,,,23:45,2,,6.5,,228
,,,21,0:00,2,,6.37,,234
,,,,0:15,2,,6.4,,268
,,,,0:30,2.2,,6.07,,286
,,,,0:45,2,,6.37,,283
,,,,1:00,2,,6.27,,291
,,,,1:15,2,,6.37,,291
,,,,1:30,2,,6.47,,281
,,,,1:45,2.05,,6.34,,275
,,,,2:00,2.04,,6.34,,273
,,,,2:15,2.09,,6.21,,268
,,,,2:30,2,,6.02,,260
,,,,2:45,2.09,,6.34,,257
,,,,3:00,2.14,,6.5,,252
,,,,3:15,2,,6.18,,236
,,,,3:30,2,,6.18,,231
,,,,3:45,2.04,,5.9,,228
,,,,4:00,2,,5.64,,218
,,,,4:15,2,,4.99,,215
,,,,4:30,2,,4.62,,213
,,,,4:45,2,,4.07,,228
,,,,5:00,2.05,,4.33,,239
,,,,5:15,2,,4.77,,247
,,,,5:30,2.41,,5.22,,249
,,,,5:45,2,,5.75,,231
,,,,6:00,2,3.12,5.75,,228
,,,,6:15,2.35,2.51,5.64,,228
,,,,6:30,2,2.84,5.64,,228
,,,,6:45,2.3,3.41,5.67,,231
,,,,7:00,2.05,3.44,5.64,,213
,,,,7:15,2.26,3.64,5.61,,228
,,,,7:30,2.13,3.99,5.47,,255
,,,,7:45,2.2,3.7,5.67,,223
,,,,8:00,2.08,4.12,5.75,,231
,,,,8:15,2.24,4.02,5.87,,223
,,,,8:30,2.08,3.71,5.9,,215
,,,,8:45,2.54,3.81,6.05,,223
,,,,9:00,2.49,3.91,6.05,,231
,,,,9:15,2.19,4.01,6.4,,213
,,,,9:30,2.81,4.46,6.67,,257
,,,,9:45,2.49,4.2,7.2,,213
,,,,10:00,2.41,4.33,7.53,,252
,,,,10:15,2.66,4.9,7.89,,393
,,,,10:30,2.37,4.52,8.09,,236
,,,,10:45,2.94,4.33,8.55,,239
,,,,11:00,3.24,4.42,8.73,,249
,,,,11:15,2.74,4.2,9.18,,218
,,,,11:30,2.88,4.3,9.47,,226
,,,,11:45,2.87,4.52,9.47,,354
,,,,12:00,2.88,3.91,9.57,,197
,,,,12:15,2.62,,9.57,,108
,,,,12:30,2.85,,9.62,,215
,,,,12:45,2.79,,9.62,,205
,,,,13:00,2.49,,9.86,,165
,,,,13:15,2.66,,9.86,,192
,,,,13:30,2.26,,9.86,,205
,,,,13:45,2.6,,10.1,,192
,,,,14:00,2.24,4.2,10.3,,354
,,,,14:15,2.35,,10.6,,194
,,,,14:30,2.29,3.81,10.9,,207
,,,,14:45,2.49,3.84,11.1,,205
,,,,15:00,2.3,3.48,11.5,,207
,,,,15:15,2.49,4.29,11.7,,341
,,,,15:30,2.9,3.91,11.7,,223
,,,,15:45,2.31,4.02,12.1,,320
,,,,16:00,2.24,4.02,12.7,,244
,,,,16:15,2.24,3.4,12.8,,273
,,,,16:30,2.08,3.71,12.9,,249
,,,,16:45,2.08,3.06,12.9,,215
,,,,17:00,2.26,3.23,13.3,,252
,,,,17:15,2.2,3.53,13.2,,257
,,,,17:30,2.42,,13.2,,249
,,,,17:45,2.26,,12.9,,234
,,,,18:00,2.54,,12.5,,231
,,,,18:15,2.35,,11.8,,218
,,,,18:30,2.05,,11.4,,220
,,,,18:45,2.49,,10.9,,228
,,,,19:00,2.31,3.12,10.9,,252
,,,,19:15,2.31,,10.8,,249
,,,,19:30,2.36,,10.6,,255
,,,,19:45,2.49,,10.6,,270
,,,,20:00,2.05,,10.6,,270
,,,,20:15,2.3,,10.9,,273
,,,,20:30,2.31,,10.7,,275
,,,,20:45,2.36,,10.9,,270
,,,,21:00,2.54,,10.9,,270
,,,,21:15,2.47,,10.8,,268
,,,,21:30,2.81,,10.8,,262
,,,,21:45,2.05,3.29,10.4,,265
,,,,22:00,2.2,,10.2,,270
,,,,22:15,2.05,,10.6,,262
,,,,22:30,2.36,,8.73,,255
,,,,22:45,2.37,4.26,8.51,,247
,,,,23:00,2.31,4.29,8.95,,249
,,,,23:15,2.42,4.03,9.47,,236
,,,,23:30,2.31,,9.37,,234
,,,,23:45,2,,9.42,,236
,,,22,0:00,2,3.29,,9.42,239
,,,,0:15,2.05,3.48,,9.18,239
,,,,0:30,2,,,12.90,244
,,,,0:45,2,2.27,,13.60,244
,,,,1:00,2.05,2.56,,13.70,249
,,,,1:15,2,,,13.60,244
,,,,1:30,2,,,13.60,244
,,,,1:45,2,2.45,,13.60,244
,,,,2:00,2,,,12.90,239
,,,,2:15,2,3.93,,13.20,236
,,,,2:30,2,3.46,,12.90,228
,,,,2:45,2,,,8.95,218
,,,,3:00,2.05,,7.16,,210
,,,,3:15,2,,6.5,,210
,,,,3:30,2,,5.9,,200
,,,,3:45,2.05,,5.5,,205
,,,,4:00,2,,5.33,,210
,,,,4:15,2,,4.99,,215
,,,,4:30,2,,4.84,,213
,,,,4:45,2,3.27,3.97,,207
,,,,5:00,2,3.53,3.55,,281
,,,,5:15,2,2.84,3.64,,252
,,,,5:30,2,,4.3,,234
,,,,5:45,2,3.3,4.72,,234
,,,,6:00,2.13,4.92,5.07,,234
,,,,6:15,2,4.49,4.96,,234
,,,,6:30,2,4.51,5.09,,241
,,,,6:45,2.04,6.63,5.38,,234
,,,,7:00,2.05,6.74,5.36,,249
,,,,7:15,2.08,4.26,5.67,,226
,,,,7:30,2.04,3.71,5.87,,239
,,,,7:45,2,4.39,6.21,,275
,,,,8:00,2.18,4.76,6.5,,223
,,,,8:15,2.09,4.29,6.84,,223
,,,,8:30,2.29,3.99,7.05,,197
,,,,8:45,2.47,4.39,7.53,,260
,,,,9:00,2.42,5.48,7.69,,241
,,,,9:15,2.42,6.97,7.73,,302
,,,,9:30,2.09,5.33,7.31,,304
,,,,9:45,2.21,8.35,,,
,,,,10:00,2.41,8.17,7.16,,401
,,,,10:15,2.94,10.5,,,
,,,,10:30,2.42,6.6,7.31,,189
,,,,10:45,2.79,4.76,7.73,,255
,,,,11:00,2.47,5.64,8.17,,467
,,,,11:15,3.68,14,,,
,,,,11:30,2.54,12.6,8.91,,414
,,,,11:45,2.87,10.8,,,
,,,,12:00,2.6,19.4,,,
,,,,12:15,2.87,18.6,10.6,,194
,,,,12:30,2.6,4.52,10.9,,328
,,,,12:45,2.6,10.3,11.1,,357
,,,,13:00,2.88,7.33,11.4,,354
,,,,13:15,3.09,6.97,11.5,,210
,,,,13:30,2.36,7.17,11.1,,357
,,,,13:45,2.81,6.1,11.4,,365
,,,,14:00,2.54,5.3,11.5,,359
,,,,14:15,2.79,3.84,11.5,,215
,,,,14:30,2,3.88,11.7,,213
,,,,14:45,2.12,3.46,11.7,,218
,,,,15:00,2.2,3.62,12.1,,215
,,,,15:15,2.09,,12.1,,231
,,,,15:30,2.31,,12.2,,220
,,,,15:45,2.24,3.62,12.6,,218
,,,,16:00,2.87,3.71,12.8,,231
,,,,16:15,2.42,3.71,13.2,,231
,,,,16:30,2.31,3.22,13.6,,234
,,,,16:45,2,4.76,13.9,,270
,,,,17:00,2.26,6.6,13.6,,273
,,,,17:15,2,9.6,13.9,,268
,,,,17:30,2.3,8.4,13.5,,247
,,,,17:45,2.13,4.76,12.5,,228
,,,,18:00,2.05,3.33,11.4,,213
,,,,18:15,2.31,,10.1,,210
,,,,18:30,2.62,,9.37,,218
,,,,18:45,2.05,,9.18,,228
,,,,19:00,2.26,,9.23,,241
,,,,19:15,2.24,,9.14,,241
,,,,19:30,2.31,,9.37,,249
,,,,19:45,2.62,,9,,252
,,,,20:00,2.41,,8.95,,252
,,,,20:15,2.49,,8.95,,275
,,,,20:30,2.42,,8.69,,286
,,,,20:45,2.81,,9,,291
,,,,21:00,2.81,,8.51,,294
,,,,21:15,2.26,,8.73,,299
,,,,21:30,2.26,,8.77,,302
,,,,21:45,2.14,,8.51,,302
,,,,22:00,2.31,,8.73,,299
,,,,22:15,2.09,,8.73,,291
,,,,22:30,2.31,,9.18,,275
,,,,22:45,2,,9.57,,262
,,,,23:00,2,,9.57,,255
,,,,23:15,2,,9.86,,255
,,,,23:30,2,,10.1,,241
,,,,23:45,2.14,,9.62,,234
,,,23,0:00,2.05,,8.69,,215
,,,,0:15,2,,7.97,,213
,,,,0:30,2.05,,7.23,,218
,,,,0:45,2,,6.84,,236
,,,,1:00,2.04,,6.67,,236
,,,,1:15,2,,6.67,,236
,,,,1:30,2.19,,6.37,,236
,,,,1:45,2,,6.05,,231
,,,,2:00,2.04,,6.37,,244
,,,,2:15,2,,5.93,,247
,,,,2:30,2,,6.08,,252
,,,,2:45,2,,5.9,,247
,,,,3:00,2,,5.9,,241
,,,,3:15,2,2.22,5.93,,244
,,,,3:30,2,2.85,5.93,,241
,,,,3:45,2,2.84,5.9,,247
,,,,4:00,2,2.85,5.9,,231
,,,,4:15,2,3.48,5.01,,234
,,,,4:30,2,3.31,4.77,,260
,,,,4:45,2,2.33,4.48,,270
,,,,5:00,2,3.14,4.3,,265
,,,,5:15,2,2.29,4.09,,270
,,,,5:30,2.05,,4.3,,244
,,,,5:45,2.31,,4.51,,236
,,,,6:00,2,2.97,4.74,,228
,,,,6:15,2.01,2.88,5.52,,218
,,,,6:30,2.13,2.85,5.64,,228
,,,,6:45,2.31,3.05,5.75,,218
,,,,7:00,2.07,3.73,5.75,,226
,,,,7:15,2.13,3.93,5.64,,249
,,,,7:30,2.14,4.26,5.87,,262
,,,,7:45,2.19,4.49,5.67,,291
,,,,8:00,2.47,4.52,5.87,,330
,,,,8:15,2,5.15,6.18,,370
,,,,8:30,2.6,4.41,6.47,,283
,,,,8:45,2.2,4.52,6.67,,354
,,,,9:00,2.81,4.11,6.84,,197
,,,,9:15,2.42,3.79,7.05,,215
,,,,9:30,2.3,4.2,7.34,,231
,,,,9:45,2.36,4.33,7.73,,218
,,,,10:00,2.79,5.01,7.97,,335
,,,,10:15,2.4,5.9,8.3,,344
,,,,10:30,2.55,6.24,8.69,,341
,,,,10:45,2.42,5.33,8.73,,338
,,,,11:00,2.72,5.8,8.73,,349
,,,,11:15,2.26,6.41,8.73,,349
,,,,11:30,2.55,6.41,9.18,,349
,,,,11:45,2.94,7.17,9.18,,349
,,,,12:00,2.31,6.27,9.18,,351
,,,,12:15,2.66,5.45,9.18,,357
,,,,12:30,2.74,6.78,9.18,,370
,,,,12:45,2.87,7.91,9.18,,401
,,,,13:00,2.74,8.4,9.18,,396
,,,,13:15,2.66,6.24,9.23,,375
,,,,13:30,2.55,5.07,9.42,,365
,,,,13:45,2.72,4.01,9.42,,289
,,,,14:00,2.54,4.64,9.47,,362
,,,,14:15,2.55,5.93,9.42,,362
,,,,14:30,2.08,6.27,9.42,,378
,,,,14:45,2.35,8.4,9.18,,414
,,,,15:00,2.04,10.3,,,
,,,,15:15,2.31,10.6,,,
,,,,15:30,2.04,6.97,9.42,,380
,,,,15:45,2.42,5.8,9.37,,370
,,,,16:00,2.14,6.24,9.42,,359
,,,,16:15,2.19,10.5,,,
,,,,16:30,2.19,7.13,10.2,,341
,,,,16:45,2.19,4.62,10.6,,312
,,,,17:00,2.19,6.6,10.9,,296
,,,,17:15,2.08,4.76,11.1,,275
,,,,17:30,2.87,,11.8,,257
,,,,17:45,2.3,,11.8,,241
,,,,18:00,2.49,,11.7,,231
,,,,18:15,2.72,,11.7,,218
,,,,18:30,2.47,,10.1,,213
,,,,18:45,2.31,,8.69,,205
,,,,19:00,2.3,,7.73,,207
,,,,19:15,2.55,,7.01,,226
,,,,19:30,2.49,,7.01,,234
,,,,19:45,2.35,,7.2,,257
,,,,20:00,2.88,,6.87,,281
,,,,20:15,2.81,,7.23,,296
,,,,20:30,2.49,,7.38,,291
,,,,20:45,2.36,,7.23,,286
,,,,21:00,2.81,,7.38,,286
,,,,21:15,2.42,3.06,7.2,,286
,,,,21:30,2.47,,7.34,,278
,,,,21:45,2.81,4.62,7.01,,291
,,,,22:00,2.3,,7.89,,281
,,,,22:15,2.87,,7.93,,278
,,,,22:30,2.42,4.9,7.38,,268
,,,,22:45,2.09,4.76,7.73,,257
,,,,23:00,2.13,,7.38,,260
,,,,23:15,2.19,,7.34,,252
,,,,23:30,2.3,,7.2,,249
,,,,23:45,2.3,,6.84,,252
,,,24,0:00,2.19,,6.5,,257
,,,,0:15,2.19,,6.05,,262
,,,,0:30,2,,6.37,,265
,,,,0:45,2,,6.34,,265
,,,,1:00,2,,6.37,,255
,,,,1:15,2.05,,5.75,,255
,,,,1:30,2.14,,5.61,,249
,,,,1:45,2,,5.61,,252
,,,,2:00,2,,5.2,,252
,,,,2:15,2.09,,4.99,,252
,,,,2:30,2,,4.89,,247
,,,,2:45,2.08,,4.77,,244
,,,,3:00,2.04,,5.2,,228
,,,,3:15,2.05,,5.36,,226
,,,,3:30,2,,5.09,,213
,,,,3:45,2,,4.09,,207
,,,,4:00,2,,3.21,,210
,,,,4:15,2.05,,2.84,,215
,,,,4:30,2,,2.51,,228
,,,,4:45,2,2.61,2.64,,244
,,,,5:00,2.04,2.61,2.38,,320
,,,,5:15,2.08,,2.98,,270
,,,,5:30,2,,3.71,,252
,,,,5:45,2,3.06,4.3,,239
,,,,6:00,2.31,,4.86,,228
,,,,6:15,2,2.98,5.01,,223
,,,,6:30,2,3.39,5.07,,220
,,,,6:45,2.42,3.48,5.25,,213
,,,,7:00,2.04,3.7,5.2,,236
,,,,7:15,2.49,3.64,5.5,,239
,,,,7:30,2,,5.64,,265
,,,,7:45,2.09,,5.61,,202
,,,,8:00,2.85,,5.75,,189
,,,,8:15,2.24,4.11,5.72,,215
,,,,8:30,2.49,3.91,5.78,,234
,,,,8:45,2.42,3.99,5.75,,239
,,,,9:00,2.54,3.99,5.75,,215
,,,,9:15,2.55,4.11,5.9,,236
,,,,9:30,2.67,4.44,5.9,,307
,,,,9:45,2.74,4.53,6.05,,448
,,,,10:00,2.67,4.3,6.37,,255
,,,,10:15,2.47,4.51,6.67,,255
,,,,10:30,2.49,4.51,7.01,,260
,,,,10:45,2.81,4.3,7.34,,249
,,,,11:00,2.42,4.51,7.69,,396
,,,,11:15,2.42,4.53,8.13,,375
,,,,11:30,2.67,4.89,8.34,,357
,,,,11:45,2.62,4.9,8.55,,359
,,,,12:00,2.36,5.15,8.55,,357
,,,,12:15,2.88,5.18,8.51,,357
,,,,12:30,3.25,5.61,8.51,,359
,,,,12:45,2.67,5.61,8.51,,372
,,,,13:00,2.79,5.33,8.55,,375
,,,,13:15,2.3,5.45,8.73,,357
,,,,13:30,2.31,5.93,8.73,,338
,,,,13:45,2.62,5.77,8.55,,349
,,,,14:00,2.26,6.74,8.51,,359
,,,,14:15,2.31,6.1,8.73,,349
,,,,14:30,2.2,5.33,8.47,,349
,,,,14:45,2.14,4.76,8.73,,357
,,,,15:00,2,4.49,8.73,,275
,,,,15:15,2,4.52,8.55,,328
,,,,15:30,2.09,4.78,8.51,,338
,,,,15:45,2,4.62,8.47,,375
,,,,16:00,2,4.62,8.69,,333
,,,,16:15,2.19,5.33,8.34,,323
,,,,16:30,2.36,6.27,8.34,,346
,,,,16:45,2.03,6.24,8.34,,370
,,,,17:00,2.3,5.48,7.97,,365
,,,,17:15,2,4.76,8.17,,338
,,,,17:30,2,5.3,7.93,,330
,,,,17:45,2.08,5.93,8.34,,359
,,,,18:00,2,5.45,8.51,,307
,,,,18:15,2.31,5.04,8.51,,302
,,,,18:30,2.3,6.1,8.51,,291
,,,,18:45,2,10.5,8.55,,289
,,,,19:00,2.49,7.17,8.55,,281
,,,,19:15,2.36,6.74,8.55,,275
,,,,19:30,2.36,4.62,8.35,,273
,,,,19:45,2.41,4.14,7.57,,278
,,,,20:00,2.2,4.11,7.93,,291
,,,,20:15,2.05,3.13,7.93,,296
,,,,20:30,2.42,3.3,8.73,,286
,,,,20:45,2.26,3.73,8.34,,278
,,,,21:00,2.09,,8.73,,262
,,,,21:15,2.3,3.82,8.35,,268
,,,,21:30,2.04,3.21,8.69,,260
,,,,21:45,2.04,3.06,8.35,,260
,,,,22:00,2.24,2.45,8.51,,255
,,,,22:15,2.09,,8.51,,247
,,,,22:30,2,,8.73,,236
,,,,22:45,2.05,,8.51,,236
,,,,23:00,2.05,,8.73,,228
,,,,23:15,2.05,,8.13,,220
,,,,23:30,2.09,,7.2,,207
,,,,23:45,2.26,,5.9,,205
,,,25,0:00,2.04,,5.61,,220
,,,,0:15,2.19,,5.64,,262
,,,,0:30,2.26,,5.67,,289
,,,,0:45,2,,5.75,,289
,,,,1:00,2,,5.64,,289
,,,,1:15,2.2,,5.72,,278
,,,,1:30,2.37,,5.78,,275
,,,,1:45,2.14,,5.64,,262
,,,,2:00,2.14,,5.64,,252
,,,,2:15,2.05,,5.22,,244
,,,,2:30,2,,5.22,,241
,,,,2:45,2,,5.22,,247
,,,,3:00,2.05,,5.36,,234
,,,,3:15,2,,5.09,,226
,,,,3:30,2,,4.51,,215
,,,,3:45,2,,4.48,,220
,,,,4:00,2.04,,4.2,,207
,,,,4:15,2.05,,3.53,,218
,,,,4:30,2,,3.05,,234
,,,,4:45,2.05,,2.91,,260
,,,,5:00,2,,3.05,,275
,,,,5:15,2,,3.46,,262
,,,,5:30,2.05,2.51,3.89,,255
,,,,5:45,2,2.92,4.44,,234
,,,,6:00,2.04,3.05,5.01,,234
,,,,6:15,2.13,3.29,5.38,,228
,,,,6:30,2.3,3.73,5.64,,231
,,,,6:45,2,3.91,5.87,,220
,,,,7:00,2,3.6,6.02,,234
,,,,7:15,2.26,3.84,6.21,,218
,,,,7:30,2.19,3.84,6.4,,207
,,,,7:45,2.36,3.93,6.37,,207
,,,,8:00,2,4.9,6.67,,223
,,,,8:15,2.62,5.33,6.84,,210
,,,,8:30,2.13,4.49,7.2,,244
,,,,8:45,2.36,4.65,7.34,,218
,,,,9:00,2.66,4.42,7.49,,218
,,,,9:15,2.81,4.62,7.93,,213
,,,,9:30,2.36,4.14,8.13,,213
,,,,9:45,2.81,4.09,8.51,,213
,,,,10:00,2.87,5.93,8.73,,247
,,,,10:15,2.6,6.07,9.18,,409
,,,,10:30,2.72,4.87,9.62,,396
,,,,10:45,2.66,5.07,9.86,,391
,,,,11:00,3.02,5.48,10.2,,385
,,,,11:15,2.72,5.15,10.4,,383
,,,,11:30,3,5.04,10.6,,383
,,,,11:45,2.55,5.04,10.9,,385
,,,,12:00,3.09,5.04,11.1,,391
,,,,12:15,2.54,5.45,11.5,,383
,,,,12:30,2.88,5.61,11.7,,385
,,,,12:45,2.95,5.48,12,,385
,,,,13:00,3,4.92,12.3,,391
,,,,13:15,2.55,5.07,12.3,,391
,,,,13:30,2.88,5.04,12.6,,388
,,,,13:45,2.55,6.07,12.9,,380
,,,,14:00,2.47,5.93,13,,372
,,,,14:15,2.62,5.15,12.9,,226
,,,,14:30,2.47,4.05,12.9,,257
,,,,14:45,2.05,4.42,12.9,,228
,,,,15:00,2,4.11,12.8,,218
,,,,15:15,2,3.33,12.3,,213
,,,,15:30,2.05,3.37,12.6,,223
,,,,15:45,2.06,3.05,12.3,,218
,,,,16:00,2,3.91,12.2,,213
,,,,16:15,2.08,3.3,12,,205
,,,,16:30,2,3.39,12.1,,215
,,,,16:45,2.19,3.91,12.3,,302
,,,,17:00,2.24,4.76,12.7,,302
,,,,17:15,2.31,3.7,12.9,,252
,,,,17:30,3,,12.9,,275
,,,,17:45,2.49,,12.7,,255
,,,,18:00,3.02,,12.3,,247
,,,,18:15,2.49,,11.8,,236
,,,,18:30,2.49,,11.4,,236
,,,,18:45,3.09,,11.1,,247
,,,,19:00,2.81,,10.9,,252
,,,,19:15,2.54,,10.9,,257
,,,,19:30,2.88,,10.6,,257
,,,,19:45,2.81,,10.7,,260
,,,,20:00,2.81,,10.6,,270
,,,,20:15,2.49,,10.6,,275
,,,,20:30,2.08,,10.6,,283
,,,,20:45,2.36,,10.6,,283
,,,,21:00,2.47,,10.4,,283
,,,,21:15,2.36,,10.4,,281
,,,,21:30,2.88,,10.4,,268
,,,,21:45,2.49,,9.55,,268
,,,,22:00,2.2,,10,,273
,,,,22:15,2.31,,10.1,,262
,,,,22:30,2,,9.62,,252
,,,,22:45,2.2,,9.57,,252
,,,,23:00,2.31,,9.42,,241
,,,,23:15,2,,9.42,,239
,,,,23:30,2.05,,8.73,,234
,,,,23:45,2.05,,8.51,,241
,,,26,0:00,2,,8.17,,252
,,,,0:15,2,,7.93,,257
,,,,0:30,2,,7.93,,257
,,,,0:45,2,,7.93,,255
,,,,1:00,2,,7.93,,249
,,,,1:15,2.09,,7.73,,239
,,,,1:30,2.2,,7.38,,231
,,,,1:45,2.05,,7.2,,228
,,,,2:00,2,,7.01,,234
,,,,2:15,2,,6.84,,239
,,,,2:30,2.05,3.31,6.63,,247
,,,,2:45,2,3.48,6.37,,249
,,,,3:00,2,2.98,6.08,,252
,,,,3:15,2,2.84,5.64,,252
,,,,3:30,2.05,2.52,5.64,,260
,,,,3:45,2.04,2.28,5.5,,257
,,,,4:00,2,,5.64,,257
,,,,4:15,2.05,,5.2,,239
,,,,4:30,2,,4.96,,239
,,,,4:45,2,,4.99,,239
,,,,5:00,2,,4.86,,236
,,,,5:15,2,,4.86,,236
,,,,5:30,2,,4.99,,252
,,,,5:45,2.13,,5.2,,252
,,,,6:00,2.31,,5.33,,239
,,,,6:15,2,3.12,5.64,,236
,,,,6:30,2,3.48,5.64,,234
,,,,6:45,2.14,3.73,5.75,,231
,,,,7:00,2.14,3.31,6.05,,228
,,,,7:15,2.3,3.49,6.21,,231
,,,,7:30,2.41,3.93,6.5,,228
,,,,7:45,2.31,4.33,6.84,,228
,,,,8:00,2.14,4.05,7.2,,223
,,,,8:15,2.09,3.93,7.53,,210
,,,,8:30,2.24,4.26,7.93,,215
,,,,8:45,2.14,4.29,8.51,,207
,,,,9:00,2.49,4.29,9,,207
,,,,9:15,2.49,4.76,9.42,,236
,,,,9:30,2.14,4.3,10.1,,220
,,,,9:45,2.81,4.14,10.6,,215
,,,,10:00,2.55,4.44,10.9,,218
,,,,10:15,2.74,5.8,11.4,,205
,,,,10:30,2.95,5.9,11.7,,336
,,,,10:45,2.94,5.45,11.7,,210
,,,,11:00,3,5.3,12.6,,380
,,,,11:15,3,4.62,12.7,,194
,,,,11:30,3.08,4.33,12.9,,205
,,,,11:45,3.09,4.42,12.9,,205
,,,,12:00,3.09,3.81,12.9,,189
,,,,12:15,2.81,,12.9,,186
,,,,12:30,2.81,,12.9,,184
,,,,12:45,2.74,4.51,12.9,,210
,,,,13:00,2.67,3.99,12.9,,213
,,,,13:15,2.81,4.42,12.9,,179
,,,,13:30,2.82,4.62,12.9,,231
,,,,13:45,2.62,3.91,12.9,,228
,,,,14:00,2.62,3.99,12.9,,207
,,,,14:15,2.66,3.73,12.9,,200
,,,,14:30,2.42,3.91,13,,202
,,,,14:45,2.2,3.71,13,,202
,,,,15:00,2.36,3.53,13,,220
,,,,15:15,2.42,3.71,12.8,,234
,,,,15:30,2.13,3.46,12.9,,215
,,,,15:45,2.26,3.04,12.9,,213
,,,,16:00,2.54,3.37,12.9,,223
,,,,16:15,2.3,,12.7,,226
,,,,16:30,2.95,,12.6,,234
,,,,16:45,2.88,3.14,12.3,,236
,,,,17:00,2.79,,12.3,,234
,,,,17:15,2.67,,12.3,,239
,,,,17:30,2.81,,11.7,,257
,,,,17:45,2.42,,11.7,,255
,,,,18:00,2.94,,11.7,,249
,,,,18:15,2.88,,11.7,,236
,,,,18:30,2.42,,11.1,,231
,,,,18:45,2.81,,10.1,,236
,,,,19:00,2.81,,10,,239
,,,,19:15,2.81,,9.18,,249
,,,,19:30,2.49,,9.23,,255
,,,,19:45,3.02,,9.42,,275
,,,,20:00,2.95,,9.47,,289
,,,,20:15,2.31,,9.47,,289
,,,,20:30,2.49,,9.18,,275
,,,,20:45,2.42,,9.23,,273
,,,,21:00,2.31,,9.8,,262
,,,,21:15,2.36,,9.8,,255
,,,,21:30,2.05,,10.1,,252
,,,,21:45,2.09,,9.8,,252
,,,,22:00,2.42,,9.8,,249
,,,,22:15,2.09,,9.8,,241
,,,,22:30,2.09,,9.42,,236
,,,,22:45,2,,8.95,,236
,,,,23:00,2,,8.51,,234
,,,,23:15,2.04,,8.51,,247
,,,,23:30,2.2,,8.13,,255
,,,,23:45,2.05,,8.13,,255
,,,27,0:00,2,,7.73,,255
,,,,0:15,2,,7.34,,268
,,,,0:30,2,,7.2,,273
,,,,0:45,2.05,,7.23,,270
,,,,1:00,2.05,,6.84,,262
,,,,1:15,2,,6.84,,252
,,,,1:30,2,,6.84,,234
,,,,1:45,2,,6.84,,228
,,,,2:00,2.05,,6.37,,228
,,,,2:15,2,,5.75,,228
,,,,2:30,2,,5.36,,228
,,,,2:45,2,,5.22,,241
,,,,3:00,2.05,,4.86,,252
,,,,3:15,2,,4.74,,265
,,,,3:30,2,,4.86,,275
,,,,3:45,2.09,,4.74,,273
,,,,4:00,2,,4.62,,273
,,,,4:15,2.09,,4.62,,262
,,,,4:30,2,,4.3,,255
,,,,4:45,2,,4.42,,249
,,,,5:00,2.2,,4.53,,239
,,,,5:15,2.05,,4.99,,234
,,,,5:30,2.19,,5.22,,247
,,,,5:45,2.14,,5.75,,236
,,,,6:00,2,3,6.08,,231
,,,,6:15,2.13,3.29,5.75,,220
,,,,6:30,2.14,3.21,5.64,,213
,,,,6:45,2.04,4.14,5.64,,205
,,,,7:00,2.04,3.93,5.64,,205
,,,,7:15,2.14,4.02,5.75,,215
,,,,7:30,2.08,4.14,5.9,,210
,,,,7:45,2.14,4.05,6.21,,194
,,,,8:00,2.14,4.02,6.47,,192
,,,,8:15,2,4.26,7.01,,194
,,,,8:30,2.35,4.36,7.2,,192
,,,,8:45,2.41,3.91,7.57,,192
,,,,9:00,2.66,4.33,7.93,,184
,,,,9:15,2.88,4.17,8.51,,192
,,,,9:30,2.74,6.24,9,,192
,,,,9:45,2.3,4.51,9.18,,189
,,,,10:00,2.36,4.65,9.47,,205
,,,,10:15,2.35,4.78,9.86,,218
,,,,10:30,2.47,5.48,10.2,,197
,,,,10:45,2.54,4.01,10.1,,194
,,,,11:00,2.35,,10.3,,200
,,,,11:15,2.79,,10.7,,197
,,,,11:30,2.72,3.82,10.9,,176
,,,,11:45,2.88,4.51,11.1,,218
,,,,12:00,2.62,4.02,11.2,,205
,,,,12:15,2.88,,11.5,,192
,,,,12:30,2.94,,11.8,,186
,,,,12:45,2.55,,11.7,,194
,,,,13:00,2.6,3.99,12,,215
,,,,13:15,2.81,3.83,12.1,,184
,,,,13:30,2.67,3.99,12.3,,270
,,,,13:45,2.41,4.22,12.3,,231
,,,,14:00,2.49,3.81,12.3,,207
,,,,14:15,2.24,4.2,12.2,,213
,,,,14:30,2.2,3.93,12.3,,210
,,,,14:45,2.62,3.82,12.3,,213
,,,,15:00,2.36,3.64,12,,210
,,,,15:15,2.19,3.64,12,,215
,,,,15:30,2.26,4.05,12,,257
,,,,15:45,2.4,4.02,12,,252
,,,,16:00,2.19,4.42,12.1,,252
,,,,16:15,2.2,3.73,12.2,,252
,,,,16:30,2.2,4.09,12.3,,247
,,,,16:45,2,3.49,12.3,,278
,,,,17:00,2.09,3.31,12.3,,252
,,,,17:15,2.42,3.37,11.7,,249
,,,,17:30,2.42,3.12,11.8,,260
,,,,17:45,2,3.14,11.8,,252
,,,,18:00,2.42,2.85,11.4,,249
,,,,18:15,2.81,,11.1,,247
,,,,18:30,2.26,2.51,10.9,,239
,,,,18:45,3,,10.4,,249
,,,,19:00,2.36,,10.1,,244
,,,,19:15,2.36,,9.42,,252
,,,,19:30,2.31,,9.18,,252
,,,,19:45,2.36,,9.23,,265
,,,,20:00,2.09,,9.23,,270
,,,,20:15,2.31,,9.18,,270
,,,,20:30,2.54,,9.42,,275
,,,,20:45,2.3,,9.23,,265
,,,,21:00,2.3,,9.18,,260
,,,,21:15,2.14,,9.18,,260
,,,,21:30,2.26,,9.18,,257
,,,,21:45,2.24,,8.95,,252
,,,,22:00,2,,8.95,,255
,,,,22:15,2,,8.69,,257
,,,,22:30,2,,8.51,,270
,,,,22:45,2,,8.55,,257
,,,,23:00,2.09,,8.09,,244
,,,,23:15,2,,7.73,,234
,,,,23:30,2,,7.2,,231
,,,,23:45,2.19,,7.23,,228
,,,28,0:00,2,,6.7,,215
,,,,0:15,2,,6.37,,220
,,,,0:30,2,,6.4,,247
,,,,0:45,2,,6.21,,249
,,,,1:00,2,,6.24,,249
,,,,1:15,2,,6.02,,247
,,,,1:30,2.05,,6.02,,255
,,,,1:45,2,,6.05,,252
,,,,2:00,2,,5.75,,244
,,,,2:15,2,,5.36,,231
,,,,2:30,2,,5.22,,236
,,,,2:45,2,,4.99,,247
,,,,3:00,2.05,,4.99,,252
,,,,3:15,2,,4.99,,241
,,,,3:30,2,,4.74,,239
,,,,3:45,2,,4.3,,231
,,,,4:00,2,,4.01,,247
,,,,4:15,2,,4.1,,265
,,,,4:30,2.05,,3.91,,257
,,,,4:45,2,,3.81,,257
,,,,5:00,2,,3.97,,260
,,,,5:15,2,,4.09,,268
,,,,5:30,2.08,,4.3,,247
,,,,5:45,2.26,,4.72,,247
,,,,6:00,2.42,,5.25,,247
,,,,6:15,2.67,,5.64,,231
,,,,6:30,2,3.06,5.78,,226
,,,,6:45,2.19,3.39,6.24,,226
,,,,7:00,2.3,,6.53,,234
,,,,7:15,3.09,,6.84,,220
,,,,7:30,2.19,,7.01,,215
,,,,7:45,2.13,,7.2,,228
,,,,8:00,2.14,3.48,7.53,,223
,,,,8:15,2.14,3.46,7.93,,210
,,,,8:30,3.87,,7.97,,213
,,,,8:45,2.87,,8.34,,207
,,,,9:00,2.66,,8.47,,194
,,,,9:15,3.77,,8.51,,194
,,,,9:30,2.88,3.91,8.73,,210
,,,,9:45,3.08,,9.23,,210
,,,,10:00,2.55,,9.62,,205
,,,,10:15,3.25,,10.1,,197
,,,,10:30,2.74,,10.4,,184
,,,,10:45,3.16,,10.6,,186
,,,,11:00,2.81,,10.9,,210
,,,,11:15,2.81,,10.9,,210
,,,,11:30,2.74,4.53,10.9,,197
,,,,11:45,2.88,,10.9,,210
,,,,12:00,2.54,3.99,10.9,,207
,,,,12:15,2.66,4.2,10.9,,205
,,,,12:30,3.02,,11.1,,200
,,,,12:45,2.63,,11.5,,210
,,,,13:00,3.34,,11.5,,194
,,,,13:15,3.08,,11.7,,192
,,,,13:30,2.54,,12.1,,194
,,,,13:45,2.87,,12.3,,197
,,,,14:00,2.66,,12.5,,202
,,,,14:15,2.47,,12.7,,207
,,,,14:30,2.72,,12.3,,210
,,,,14:45,2.41,3.7,11.7,,215
,,,,15:00,2.94,3.83,11.4,,223
,,,,15:15,2.54,3.81,11.2,,213
,,,,15:30,3.49,,11.2,,210
,,,,15:45,2.49,3.46,11.4,,205
,,,,16:00,2.04,3.37,11.5,,215
,,,,16:15,2.95,,11.7,,223
,,,,16:30,2.05,,11.8,,228
,,,,16:45,2.79,,11.7,,234
,,,,17:00,2.55,,11.8,,234
,,,,17:15,2.54,,12.6,,252
,,,,17:30,2.31,,12.6,,260
,,,,17:45,2.31,,12.3,,257
,,,,18:00,2.31,,12.3,,249
,,,,18:15,2.36,,12,,241
,,,,18:30,2.26,,11.7,,236
,,,,18:45,2.31,,11.1,,231
,,,,19:00,2,,10.7,,228
,,,,19:15,2.49,,10.1,,228
,,,,19:30,2.3,,9.47,,226
,,,,19:45,2.31,,8.91,,218
,,,,20:00,2.36,,8.73,,226
,,,,20:15,2.55,,8.73,,239
,,,,20:30,2.49,,7.73,,257
,,,,20:45,2.41,,7.77,,270
,,,,21:00,2.14,,7.73,,275
,,,,21:15,2.14,,7.31,,283
,,,,21:30,2.35,,7.16,,294
,,,,21:45,2.14,,7.23,,294
,,,,22:00,2.2,,7.2,,286
,,,,22:15,2,,6.84,,278
,,,,22:30,2.05,,6.84,,273
,,,,22:45,2.14,,6.7,,260
,,,,23:00,2.2,,6.47,,257
,,,,23:15,2.08,,6.37,,247
,,,,23:30,2.09,,6.67,,249
,,,,23:45,2.2,,6.07,,260
,,,29,0:00,2,,5.9,,260
,,,,0:15,2,,5.75,,265
,,,,0:30,2,,5.64,,273
,,,,0:45,2,,5.64,,275
,,,,1:00,2,,5.64,,275
,,,,1:15,2,,5.5,,270
,,,,1:30,2,,5.33,,278
,,,,1:45,2.04,,5.12,,283
,,,,2:00,2.13,,5.25,,294
,,,,2:15,2,,5.22,,296
,,,,2:30,2,,5.09,,296
,,,,2:45,2,,5.09,,299
,,,,3:00,2,,5.07,,294
,,,,3:15,2.31,,5.09,,281
,,,,3:30,2,,5.09,,262
,,,,3:45,2,,5.09,,252
,,,,4:00,2.09,,5.07,,252
,,,,4:15,2,2.78,5.09,,255
,,,,4:30,2,2.1,5.09,,247
,,,,4:45,2,2.77,5.09,,241
,,,,5:00,2,3.7,4.86,,249
,,,,5:15,2,3.91,4.99,,255
,,,,5:30,2,3.7,4.99,,255
,,,,5:45,2,3.6,5.22,,257
,,,,6:00,2,3.31,5.5,,247
,,,,6:15,2.31,3.37,5.61,,234
,,,,6:30,2.31,3.71,6.05,,234
,,,,6:45,2.5,3.41,6.34,,228
,,,,7:00,2.05,3.41,6.67,,210
,,,,7:15,2.09,3.31,6.84,,228
,,,,7:30,2.13,3.39,6.67,,215
,,,,7:45,2.08,3.53,6.5,,213
,,,,8:00,2.26,4.01,6.5,,218
,,,,8:15,2.24,3.91,6.5,,207
,,,,8:30,2.47,4.51,6.47,,210
,,,,8:45,2.26,4.49,6.87,,215
,,,,9:00,2.35,4.49,7.01,,220
,,,,9:15,2.94,4.78,7.31,,231
,,,,9:30,2.81,4.62,7.77,,228
,,,,9:45,2.54,5.12,8.17,,262
,,,,10:00,2.94,5.45,8.51,,454
,,,,10:15,2.74,4.78,8.95,,205
,,,,10:30,2.94,4.65,9.37,,207
,,,,10:45,2.95,5.04,9.86,,412
,,,,11:00,2.6,5.07,10.4,,317
,,,,11:15,3.08,5.48,10.9,,388
,,,,11:30,3.17,4.78,11.5,,378
,,,,11:45,2.95,4.33,11.8,,189
,,,,12:00,3,4.2,12.2,,189
,,,,12:15,2.66,,12.9,,181
,,,,12:30,2.95,4.51,13.2,,192
,,,,12:45,2.81,,13.6,,184
,,,,13:00,2.47,4.53,13.5,,205
,,,,13:15,2.79,4.44,13.2,,205
,,,,13:30,2.3,4.33,13.2,,189
,,,,13:45,2.41,4.3,12.9,,189
,,,,14:00,2.33,3.82,13.2,,197
,,,,14:15,2.3,3.93,12.9,,184
,,,,14:30,2.19,4.18,12.9,,210
,,,,14:45,2.08,3.91,12.9,,194
,,,,15:00,2.14,3.62,12.9,,189
,,,,15:15,2.23,3.55,12.9,,222
,,,,15:30,2.2,3.62,12.8,,226
,,,,15:45,2.36,3.46,12.3,,223
,,,,16:00,2.09,3.31,12.9,,218
,,,,16:15,2.04,3.02,12.5,,228
,,,,16:30,2,3.7,12.5,,226
,,,,16:45,2,3.14,12.6,,234
,,,,17:00,2.81,,12.6,,236
,,,,17:15,2,2.9,12.6,,241
,,,,17:30,2,2.26,12.3,,257
,,,,17:45,2,3.48,12.5,,268
,,,,18:00,2.31,3.64,12.7,,262
,,,,18:15,2.24,2.39,12.2,,249
,,,,18:30,2,3.06,11.8,,241
,,,,18:45,2.81,,11.4,,247
,,,,19:00,2.47,,11.1,,241
,,,,19:15,2.31,,10.6,,241
,,,,19:30,2.36,,9.42,,255
,,,,19:45,2.49,,10.2,,275
,,,,20:00,2.3,,10.4,,281
,,,,20:15,2.88,,10.1,,296
,,,,20:30,2.94,,10.1,,296
,,,,20:45,2,,10.4,,291
,,,,21:00,2.47,,10.1,,289
,,,,21:15,2.26,,10.1,,289
,,,,21:30,2.35,,10.1,,286
,,,,21:45,2.24,,10.2,,289
,,,,22:00,2.35,,10.2,,275
,,,,22:15,2.3,,10.2,,270
,,,,22:30,2.19,,10.4,,249
,,,,22:45,2.2,,10.1,,234
,,,,23:00,2.05,,9.42,,231
,,,,23:15,2.05,,10.1,,234
,,,,23:30,2,,9.47,,228
,,,,23:45,2.05,,9,,220
,,,30,0:00,2,,8.34,,215
,,,,0:15,2,,7.73,,215
,,,,0:30,2.04,,7.31,,223
,,,,0:45,2.05,,7.2,,236
,,,,1:00,2,,7.34,,247
,,,,1:15,2,,7.2,,239
,,,,1:30,2,,7.01,,231
,,,,1:45,2.05,,6.5,,234
,,,,2:00,2.03,,6.4,,239
,,,,2:15,2,,6.34,,247
,,,,2:30,2,,6.37,,241
,,,,2:45,2,,5.9,,234
,,,,3:00,2,,5.78,,234
,,,,3:15,2,,5.72,,247
,,,,3:30,2,,5.9,,241
,,,,3:45,2.05,,5.75,,228
,,,,4:00,2,,5.22,,207
,,,,4:15,2,,4.09,,205
,,,,4:30,2,,3.6,,213
,,,,4:45,2.14,,3.29,,283
,,,,5:00,2,,3.46,,273
,,,,5:15,2,2.23,3.71,,268
,,,,5:30,2,,4.09,,255
,,,,5:45,2.05,,4.51,,244
,,,,6:00,2,2.85,5.09,,244
,,,,6:15,2.04,3.29,5.38,,241
,,,,6:30,2,3.21,5.64,,236
,,,,6:45,2,3.49,5.64,,228
,,,,7:00,2.04,3.82,5.75,,231
,,,,7:15,2.05,4.14,5.9,,218
,,,,7:30,2.05,4.62,6.05,,234
,,,,7:45,2.24,5.9,6.37,,218
,,,,8:00,2.13,9.5,6.37,,210
,,,,8:15,2.62,4.53,6.21,,262
,,,,8:30,2.6,4.05,6.67,,228
,,,,8:45,2.14,4.76,6.84,,234
,,,,9:00,2.36,4.7,7.01,,200
,,,,9:15,2.79,4.29,7.23,,218
,,,,9:30,2.47,3.7,7.53,,194
,,,,9:45,2.66,4.92,7.93,,231
,,,,10:00,2.54,6.1,8.17,,443
,,,,10:15,2.49,4.62,8.69,,210
,,,,10:30,2.41,5.9,9.14,,215
,,,,10:45,2.72,4.78,9.66,,249
,,,,11:00,2.47,5.18,10.1,,231
,,,,11:15,2.42,5.15,10.9,,210
,,,,11:30,2.72,5.77,11.4,,200
,,,,11:45,2.62,4.22,12.1,,207
,,,,12:00,2.72,4.42,12.3,,200
,,,,12:15,2.67,4.53,12.7,,194
,,,,12:30,2.04,4.44,12.6,,213
,,,,12:45,2.49,4.44,12.6,,213
,,,,13:00,2.55,4.22,12.6,,197
,,,,13:15,2.55,3.99,12.3,,194
,,,,13:30,2.6,4.53,12,,205
,,,,13:45,2.67,3.6,12.3,,205
,,,,14:00,2.42,4.11,12.3,,186
,,,,14:15,2.66,3.99,12,,213
,,,,14:30,2,3.93,12.3,,213
,,,,14:45,2.67,4.22,12.1,,215
,,,,15:00,2.2,3.81,12.1,,207
,,,,15:15,2.31,3.71,12.1,,207
,,,,15:30,2.47,3.53,12,,207
,,,,15:45,2.31,,12,,207
,,,,16:00,2.24,3.48,12,,213
,,,,16:15,2.19,3.12,12.1,,210
,,,,16:30,2.19,,11.4,,223
,,,,16:45,2.87,,11.1,,226
,,,,17:00,2.88,,10.9,,231
,,,,17:15,2.47,,10.6,,236
,,,,17:30,2.3,,10.3,,244
,,,,17:45,2.42,,10.1,,247
,,,,18:00,2.31,,9.42,,239
,,,,18:15,2.3,,9.42,,241
,,,,18:30,2.36,,9.14,,249
,,,,18:45,2.24,,9.18,,252
,,,,19:00,2.3,,8.91,,257
,,,,19:15,2,,8.95,,257
,,,,19:30,2.66,,8.95,,270
,,,,19:45,2.3,,8.95,,270
,,,,20:00,2.41,,8.95,,270
,,,,20:15,2.26,,8.95,,260
,,,,20:30,2.35,,8.73,,262
,,,,20:45,2.26,,8.69,,257
,,,,21:00,2.31,,8.55,,255
,,,,21:15,2.31,,7.97,,255
,,,,21:30,2.05,,7.77,,249
,,,,21:45,2.26,,7.73,,255
,,,,22:00,2.3,,7.2,,260
,,,,22:15,2.04,,7.16,,262
,,,,22:30,2,,7.01,,268
,,,,22:45,2,,6.84,,262
,,,,23:00,2,,6.67,,255
,,,,23:15,2,,6.37,,247
,,,,23:30,2.09,,6.21,,249
,,,,23:45,2.05,,5.75,,255
,,,31,0:00,2,,5.64,,257